Workbook
Name Lista_coccion: [3]Hoja2!$F$6:$F$17

Sheet General
A2: 2.1. | B2: Medida de Cocción limpia (ámbito rural)
B4: Implementación y sostenibilidad de tecnologías de cocción limpia (cocinas mejoradas y cocinas a gas licuado de petróleos) en zonas rurales, reemplazando aquellas cocinas o tecnologías convencionales (fogón abierto) poco eficientes en el ámbito rural, con lo cual se reducirá los consumos de combustibles empleados en cocinas tradicionales, tales como leña y carbón vegetal, reduciendo así emisiones de gases de efecto invernadero (GEI) y los efectos nocivos a la salud asociados a las emisiones gaseosas y del material particulado restante de la combustión.
B8: Medida | C8: Finalidad | D8: Indicadores | E8: Fuente (s)
B9: Cocción limpia | C9: Se enfoca en la reducción de las emisiones de gases de efecto invernadero (GEI) generadas por la cocción y calentamiento de alimentos a través del uso de cocinas o tecnologías convencionales (fogón abierto) poco eficientes en el ámbito rural. Incluye: cocinas mejoradas y a gas licuado de petróleo (GLP). | D9: Número de cocinas, combustible por cocina, vales GLP, biomasa no renovable | E9: FONCODES, FISE
B11: Metodología (Fogon-Mejorada)
B13: Ecuación 1
B14: ER = {(BCb,y - PCp,y) ∙ [(fNRB,y ∙ EFb,leña,CO2) + EFb,leña,CH4 ∙ PCGCH4 + EFb,leña,N2O ∙ PCGN2O] ∙ NCVb,leña} ∙ CI
B16: Donde:
B17: ER | C17: Emisiones reducidas durante el año "y" en tCO2e
B18: BCb,y | C18: Cantidad de combustible consumido en la Línea de Base b durante un año "y" (t)
B19: PCp,y | C19: Cantidad de combustible consumido en Proyecto p durante un año "y"
B20: fNRB,y | C20: Fracción de biomasa no renovable usada durante un año "y"
B21: EFb,leña,CO2 | C21: Factor de emisión de CO2 de la leña.
B22: EFb,leña,CH4 | C22: Factor de emisión de metano (CH4) de la leña.
B23: PCGCH4 | C23: Potencial de Calentamiento Global del Metano
B24: EFb,fuel,N2O | C24: Factor de emisión de óxido nitroso (N2O) de la leña.
B25: PCGN2O | C25: Potencial de Calentamiento Global del Óxido Nitroso
B26: NCVb,fuel | C26: Valor Calorífico Neto del combustible (valor predeterminado del IPCC para madera: 0.015TJ/t
B27: CI | C27: Cocinas instaladas
B29: Metodología (Fogon-GLP)
B31: Ecuación 2
B32: ER = {BCb,y ∙ [(fNRB,y ∙ EFb,leña,CO2) + EFb,leña,CH4 ∙ PCGCH4 + EFb,leña,N2O ∙ PCGN2O] ∙ NCVb,leña} - {[PCp,y ∙ (EFb,GLP,CO2 + EFb,GLP,CH4 ∙ PCGCH4 + EFb,GLP,N2O ∙ PCGN2O)]∙ NCVb,GLP} ∙ CI
B34: Donde:
B35: ER | C35: Emisiones para la Línea de Base b durante el año "y" en tCO2e
B36: BCb,y | C36: Cantidad de combustible consumido en la Línea de Base b durante un año "y" (t)
B37: fNRB,y | C37: Fracción de biomasa no renovable usada durante un año "y"
B38: EFb,leña,CO2 | C38: Factor de emisión de CO2 de la leña.
B39: EFb,leña,CH4 | C39: Factor de emisión de metano (CH4) de la leña.
B40: PCGCH4 | C40: Potencial de Calentamiento Global del Metano
B41: EFb,leña,N2O | C41: Factor de emisión de óxido nitroso (N2O) de la leña.
B42: PCGN2O | C42: Potencial de Calentamiento Global del Óxido Nitroso
B43: NCVb,leña | C43: Valor Calorífico Neto de la leña
B44: PCp,y | C44: Cantidad de combustible consumido en Proyecto p durante un año "y"
B45: EFb,GLP,CO2 | C45: Factor de emisión de CO2 de GLP.
B46: EFb,GLP,CH4 | C46: Factor de emisión de metano (CH4) de GLP.
... B51: CI | C51: Cocinas instaladas

Sheet Proveedores
A2: 2.1. | B2: Medida de Cocción limpia (ámbito rural)
B4: PROVEEDORES
B5: Diseño detallado | D5: Programación Tentativa Sectorial
B6: 1. MIDIS-FONCODES 2. OSINERGMIN-FISE | D6: 1. MIDIS-FONCODES 2. OSINERGMIN-FISE
B7: 3. Consultoría/MICROSOL (NRBf) | D7: 3. Consultoría
B9: Etapa | C9: Información | D9: Fuente | E9: Responsable | F9: Frecuencia | G9: ¿Requiere acuerdo?
B10: Cocción limpia
B11: M | C11: Tecnologías de cocción limpia. Instaladas en programas financiados por el estado | D11: FONCODES Y OSINERGMIN | E11: DGEE | F11: Anual | G11: Si
C12: Vales de GLP canjeados por el financiamiento del programa FISE. | D12: OSINERGMIN | E12: DGEE | F12: Anual | G12: Si
C13: Fracción de Biomasa No Renovable | D13: Consultoría | E13: DGEE | F13: 06 años | G13: No
B14: R | C14: Efecto del reemplazo de cocinas tradicionales (fogon) por otras mejoradas | D14: DGEE en base a información de FONCODES y OSINERGMIN | E14: DGEE | F14: Bienal | G14: No
B15: V | C15: Reportes generados por DGEE, procedimientos de medición, otra información de soporte | D15: DGEE | E15: Auditor externo | F15: Cada 2 años o según lo demanden algunas autoridades o donantes | G15: No

Sheet Formato
B2: BaU | D2: Mitigación
B3: Tipo | C3: Consumo (t leña/SA.año) | D3: Tipo | E3: Consumo (t leña/SA.año) | F3: Cantidad | G3: Región | H3: Año | I3: Emisiones de GEI reducidas (tCO2e)
B4: Especificación de la fuente de cocción | C4: Variable propia de cada tipo de cocina | D4: Nombre de la tecnología de cocción | E4: Variable propia de cada tipo de cocina | F4: Número de unidades de este tipo, clase y descripción. | G4: Región donde fueron instaladas, según departamentos, las cocinas | H4: Año al que corresponde el registro. | I4: Emisiones de GEI que fueron reducidas | K4: Línea base | L4: Proyecto | M4: GEI reducido | N4: QC
B5: Tres piedras | C5: 2.8233333 | D5: Inkawasi 3 Hornillas | E5: =SUMIF(Variables!$B$4:$B$15,Formato!D5,Variables!$C$4:$C$15) -> 1.42 | F5: 12617 | G5: Sierra | H5: 2010 | I5: =(C5-E5)*((Factores!$E$4*Factores!$L$4)+Factores!$N$4*Factores!$L$20+Factores!$P$4*Factores!$L$21)*Factores!$J$4*F5*Variables!$C$18 -> 47547.024 | K5: =Factores!$J$4*C5*F5*(Factores!$E$4*Factores!$L$4+Factores!$N$4*Factores!$L$20+Factores!$P$4*Factores!$L$21)*Variables!$C$18 -> 95658.74 | L5: =Factores!$J$4*E5*F5*(Factores!$E$4*Factores!$L$4+Factores!$N$4*Factores!$L$20+Factores!$P$4*Factores!$L$21)*Variables!$C$18 -> 48111.716 | M5: =K5-L5 -> 47547.024 | N5: =I5-M5 -> 0
B6: Tres piedras | C6: 2.8233333 | D6: Inkawasi Pichqa | E6: =SUMIF(Variables!$B$4:$B$15,Formato!D6,Variables!$C$4:$C$15) -> 0.84 | F6: 719 | G6: Costa | H6: 2010 | I6: =(C6-E6)*((Factores!$D$4*Factores!$L$4)+Factores!$N$4*Factores!$L$20+Factores!$P$4*Factores!$L$21)*Factores!$J$4*F6*Variables!$C$18 -> 4586.8294 | K6: =Factores!$J$4*C6*F6*(Factores!$D$4*Factores!$L$4+Factores!$N$4*Factores!$L$20+Factores!$P$4*Factores!$L$21)*Variables!$C$18 -> 6529.4865 | L6: =Factores!$J$4*E6*F6*(Factores!$D$4*Factores!$L$4+Factores!$N$4*Factores!$L$20+Factores!$P$4*Factores!$L$21)*Variables!$C$18 -> 1942.6571 | M6: =K6-L6 -> 4586.8294 | N6: =I6-M6 -> 0
B7: Tres piedras | C7: 2.8233333 | D7: Inkawasi Pichqa | E7: =SUMIF(Variables!$B$4:$B$15,Formato!D7,Variables!$C$4:$C$15) -> 0.84 | F7: 4702 | G7: Sierra | H7: 2010 | I7: =(C7-E7)*((Factores!$E$4*Factores!$L$4)+Factores!$N$4*Factores!$L$20+Factores!$P$4*Factores!$L$21)*Factores!$J$4*F7*Variables!$C$18 -> 25042.907 | K7: =Factores!$J$4*C7*F7*(Factores!$E$4*Factores!$L$4+Factores!$N$4*Factores!$L$20+Factores!$P$4*Factores!$L$21)*Variables!$C$18 -> 35649.314 | L7: =Factores!$J$4*E7*F7*(Factores!$E$4*Factores!$L$4+Factores!$N$4*Factores!$L$20+Factores!$P$4*Factores!$L$21)*Variables!$C$18 -> 10606.407 | M7: =K7-L7 -> 25042.907 | N7: =I7-M7 -> 0
B8: Tres piedras | C8: 2.8233333 | D8: Inkawasi Pichqa | E8: =SUMIF(Variables!$B$4:$B$15,Formato!D8,Variables!$C$4:$C$15) -> 0.84 | F8: 1094 | G8: Selva | H8: 2010 | I8: =(C8-E8)*((Factores!$F$4*Factores!$L$4)+Factores!$N$4*Factores!$L$20+Factores!$P$4*Factores!$L$21)*Factores!$J$4*F8*Variables!$C$18 -> 5250.4222 | K8: =Factores!$J$4*C8*F8*(Factores!$F$4*Factores!$L$4+Factores!$N$4*Factores!$L$20+Factores!$P$4*Factores!$L$21)*Variables!$C$18 -> 7474.1304 | L8: =Factores!$J$4*E8*F8*(Factores!$F$4*Factores!$L$4+Factores!$N$4*Factores!$L$20+Factores!$P$4*Factores!$L$21)*Variables!$C$18 -> 2223.7082 | M8: =K8-L8 -> 5250.4222 | N8: =I8-M8 -> 0
B9: Tres piedras | C9: 2.8233333 | D9: Inkawasi Sojta | E9: =SUMIF(Variables!$B$4:$B$15,Formato!D9,Variables!$C$4:$C$15) -> 1.8 | F9: 1060 | G9: Costa | H9: 2010 | I9: =(C9-E9)*((Factores!$D$4*Factores!$L$4)+Factores!$N$4*Factores!$L$20+Factores!$P$4*Factores!$L$21)*Factores!$J$4*F9*Variables!$C$18 -> 3489.0803 | K9: =Factores!$J$4*C9*F9*(Factores!$D$4*Factores!$L$4+Factores!$N$4*Factores!$L$20+Factores!$P$4*Factores!$L$21)*Variables!$C$18 -> 9626.2249 | L9: =Factores!$J$4*E9*F9*(Factores!$D$4*Factores!$L$4+Factores!$N$4*Factores!$L$20+Factores!$P$4*Factores!$L$21)*Variables!$C$18 -> 6137.1446 | M9: =K9-L9 -> 3489.0803 | N9: =I9-M9 -> 0
B10: Tres piedras | C10: 2.8233333 | D10: Inkawasi Tawa | E10: =SUMIF(Variables!$B$4:$B$15,Formato!D10,Variables!$C$4:$C$15) -> 1.53 | F10: 703 | G10: Costa | H10: 2010 | I10: =(C10-E10)*((Factores!$D$4*Factores!$L$4)+Factores!$N$4*Factores!$L$20+Factores!$P$4*Factores!$L$21)*Factores!$J$4*F10*Variables!$C$18 -> 2924.5145 | K10: =Factores!$J$4*C10*F10*(Factores!$D$4*Factores!$L$4+Factores!$N$4*Factores!$L$20+Factores!$P$4*Factores!$L$21)*Variables!$C$18 -> 6384.185 | L10: =Factores!$J$4*E10*F10*(Factores!$D$4*Factores!$L$4+Factores!$N$4*Factores!$L$20+Factores!$P$4*Factores!$L$21)*Variables!$C$18 -> 3459.6705 | M10: =K10-L10 -> 2924.5145 | N10: =I10-M10 -> 0
B11: Tres piedras | C11: 2.8233333 | D11: Inkawasi Tawa | E11: =SUMIF(Variables!$B$4:$B$15,Formato!D11,Variables!$C$4:$C$15) -> 1.53 | F11: 19526 | G11: Sierra | H11: 2010 | I11: =(C11-E11)*((Factores!$E$4*Factores!$L$4)+Factores!$N$4*Factores!$L$20+Factores!$P$4*Factores!$L$21)*Factores!$J$4*F11*Variables!$C$18 -> 67815.685 | K11: =Factores!$J$4*C11*F11*(Factores!$E$4*Factores!$L$4+Factores!$N$4*Factores!$L$20+Factores!$P$4*Factores!$L$21)*Variables!$C$18 -> 148040.94 | L11: =Factores!$J$4*E11*F11*(Factores!$E$4*Factores!$L$4+Factores!$N$4*Factores!$L$20+Factores!$P$4*Factores!$L$21)*Variables!$C$18 -> 80225.256 | M11: =K11-L11 -> 67815.685 | N11: =I11-M11 -> 0
B12: Tres piedras | C12: 2.8233333 | D12: Inkawasi Plancha | E12: =SUMIF(Variables!$B$4:$B$15,Formato!D12,Variables!$C$4:$C$15) -> 1.9 | F12: 2551 | G12: Costa | H12: 2010 | I12: =(C12-E12)*((Factores!$D$4*Factores!$L$4)+Factores!$N$4*Factores!$L$20+Factores!$P$4*Factores!$L$21)*Factores!$J$4*F12*Variables!$C$18 -> 7576.2964 | K12: =Factores!$J$4*C12*F12*(Factores!$D$4*Factores!$L$4+Factores!$N$4*Factores!$L$20+Factores!$P$4*Factores!$L$21)*Variables!$C$18 -> 23166.509 | L12: =Factores!$J$4*E12*F12*(Factores!$D$4*Factores!$L$4+Factores!$N$4*Factores!$L$20+Factores!$P$4*Factores!$L$21)*Variables!$C$18 -> 15590.213 | M12: =K12-L12 -> 7576.2964
B13: Tres piedras | C13: 2.8233333 | D13: Inkawasi UK | E13: =SUMIF(Variables!$B$4:$B$15,Formato!D13,Variables!$C$4:$C$15) -> 2 | F13: 1446 | G13: Costa | H13: 2010 | I13: =(C13-E13)*((Factores!$D$4*Factores!$L$4)+Factores!$N$4*Factores!$L$20+Factores!$P$4*Factores!$L$21)*Factores!$J$4*F13*Variables!$C$18 -> 3829.411 | K13: =Factores!$J$4*C13*F13*(Factores!$D$4*Factores!$L$4+Factores!$N$4*Factores!$L$20+Factores!$P$4*Factores!$L$21)*Variables!$C$18 -> 13131.624 | L13: =Factores!$J$4*E13*F13*(Factores!$D$4*Factores!$L$4+Factores!$N$4*Factores!$L$20+Factores!$P$4*Factores!$L$21)*Variables!$C$18 -> 9302.2129 | M13: =K13-L13 -> 3829.411
B14: Tres piedras | C14: 2.8233333 | D14: Inkawasi UK | E14: =SUMIF(Variables!$B$4:$B$15,Formato!D14,Variables!$C$4:$C$15) -> 2 | F14: 449 | G14: Sierra | H14: 2010 | I14: =(C14-E14)*((Factores!$E$4*Factores!$L$4)+Factores!$N$4*Factores!$L$20+Factores!$P$4*Factores!$L$21)*Factores!$J$4*F14*Variables!$C$18 -> 992.72381 | K14: =Factores!$J$4*C14*F14*(Factores!$E$4*Factores!$L$4+Factores!$N$4*Factores!$L$20+Factores!$P$4*Factores!$L$21)*Variables!$C$18 -> 3404.1986 | L14: =Factores!$J$4*E14*F14*(Factores!$E$4*Factores!$L$4+Factores!$N$4*Factores!$L$20+Factores!$P$4*Factores!$L$21)*Variables!$C$18 -> 2411.4748 | M14: =K14-L14 -> 992.72381 | N14: =I14-M14 -> 0
B15: Total | I15: =SUM(I5:I14) -> 169054.89
B16: Tres piedras | C16: 2.8233333 | D16: Inkawasi 3 Hornillas | E16: =SUMIF(Variables!$B$4:$B$15,Formato!D16,Variables!$C$4:$C$15) -> 1.42 | F16: 41203 | G16: Sierra | H16: 2011 | I16: =(C16-E16)*((Factores!$E$5*Factores!$L$4)+Factores!$N$4*Factores!$L$20+Factores!$P$4*Factores!$L$21)*Factores!$J$4*F16*Variables!$C$18 -> 147595.09 | K16: =Factores!$J$4*C16*F16*(Factores!$E$5*Factores!$L$4+Factores!$N$4*Factores!$L$20+Factores!$P$4*Factores!$L$21)*Variables!$C$18 -> 296943.08 | L16: =Factores!$J$4*E16*F16*(Factores!$E$5*Factores!$L$4+Factores!$N$4*Factores!$L$20+Factores!$P$4*Factores!$L$21)*Variables!$C$18 -> 149348 | M16: =K16-L16 -> 147595.09 | N16: =I16-M16 -> 0
B17: Tres piedras | C17: 2.8233333 | D17: Inkawasi Pichqa | E17: =SUMIF(Variables!$B$4:$B$15,Formato!D17,Variables!$C$4:$C$15) -> 0.84 | F17: 719 | G17: Costa | H17: 2011 | I17: =(C17-E17)*((Factores!$D$5*Factores!$L$4)+Factores!$N$4*Factores!$L$20+Factores!$P$4*Factores!$L$21)*Factores!$J$4*F17*Variables!$C$18 -> 4681.5078 | K17: =Factores!$J$4*C17*F17*(Factores!$D$5*Factores!$L$4+Factores!$N$4*Factores!$L$20+Factores!$P$4*Factores!$L$21)*Variables!$C$18 -> 6664.264 | L17: =Factores!$J$4*E17*F17*(Factores!$D$5*Factores!$L$4+Factores!$N$4*Factores!$L$20+Factores!$P$4*Factores!$L$21)*Variables!$C$18 -> 1982.7562 | M17: =K17-L17 -> 4681.5078 | N17: =I17-M17 -> 0
B18: Tres piedras | C18: 2.8233333 | D18: Inkawasi Pichqa | E18: =SUMIF(Variables!$B$4:$B$15,Formato!D18,Variables!$C$4:$C$15) -> 0.84 | F18: 4702 | G18: Sierra | H18: 2011 | I18: =(C18-E18)*((Factores!$E$5*Factores!$L$4)+Factores!$N$4*Factores!$L$20+Factores!$P$4*Factores!$L$21)*Factores!$J$4*F18*Variables!$C$18 -> 23804.582 | K18: =Factores!$J$4*C18*F18*(Factores!$E$5*Factores!$L$4+Factores!$N$4*Factores!$L$20+Factores!$P$4*Factores!$L$21)*Variables!$C$18 -> 33886.522 | L18: =Factores!$J$4*E18*F18*(Factores!$E$5*Factores!$L$4+Factores!$N$4*Factores!$L$20+Factores!$P$4*Factores!$L$21)*Variables!$C$18 -> 10081.941 | M18: =K18-L18 -> 23804.582 | N18: =I18-M18 -> 0
B19: Tres piedras | C19: 2.8233333 | D19: Inkawasi Pichqa | E19: =SUMIF(Variables!$B$4:$B$15,Formato!D19,Variables!$C$4:$C$15) -> 0.84 | F19: 8030 | G19: Selva | H19: 2011 | I19: =(C19-E19)*((Factores!$F$5*Factores!$L$4)+Factores!$N$4*Factores!$L$20+Factores!$P$4*Factores!$L$21)*Factores!$J$4*F19*Variables!$C$18 -> 29021.731 | K19: =Factores!$J$4*C19*F19*(Factores!$F$5*Factores!$L$4+Factores!$N$4*Factores!$L$20+Factores!$P$4*Factores!$L$21)*Variables!$C$18 -> 41313.288 | L19: =Factores!$J$4*E19*F19*(Factores!$F$5*Factores!$L$4+Factores!$N$4*Factores!$L$20+Factores!$P$4*Factores!$L$21)*Variables!$C$18 -> 12291.557 | M19: =K19-L19 -> 29021.731 | N19: =I19-M19 -> 0
B20: Tres piedras | C20: 2.8233333 | D20: Inkawasi Sojta | E20: =SUMIF(Variables!$B$4:$B$15,Formato!D20,Variables!$C$4:$C$15) -> 1.8 | F20: 7355 | G20: Costa | H20: 2011 | I20: =(C20-E20)*((Factores!$D$5*Factores!$L$4)+Factores!$N$4*Factores!$L$20+Factores!$P$4*Factores!$L$21)*Factores!$J$4*F20*Variables!$C$18 -> 24709.329 | K20: =Factores!$J$4*C20*F20*(Factores!$D$5*Factores!$L$4+Factores!$N$4*Factores!$L$20+Factores!$P$4*Factores!$L$21)*Variables!$C$18 -> 68171.991 | L20: =Factores!$J$4*E20*F20*(Factores!$D$5*Factores!$L$4+Factores!$N$4*Factores!$L$20+Factores!$P$4*Factores!$L$21)*Variables!$C$18 -> 43462.663 | M20: =K20-L20 -> 24709.329 | N20: =I20-M20 -> 0
B21: Tres piedras | C21: 2.8233333 | D21: Inkawasi Tawa | E21: =SUMIF(Variables!$B$4:$B$15,Formato!D21,Variables!$C$4:$C$15) -> 1.53 | F21: 703 | G21: Costa | H21: 2011 | I21: =(C21-E21)*((Factores!$D$5*Factores!$L$4)+Factores!$N$4*Factores!$L$20+Factores!$P$4*Factores!$L$21)*Factores!$J$4*F21*Variables!$C$18 -> 2984.8805 | K21: =Factores!$J$4*C21*F21*(Factores!$D$5*Factores!$L$4+Factores!$N$4*Factores!$L$20+Factores!$P$4*Factores!$L$21)*Variables!$C$18 -> 6515.9633 | L21: =Factores!$J$4*E21*F21*(Factores!$D$5*Factores!$L$4+Factores!$N$4*Factores!$L$20+Factores!$P$4*Factores!$L$21)*Variables!$C$18 -> 3531.0828 | M21: =K21-L21 -> 2984.8805 | N21: =I21-M21 -> 0
B22: Tres piedras | C22: 2.8233333 | D22: Inkawasi Tawa | E22: =SUMIF(Variables!$B$4:$B$15,Formato!D22,Variables!$C$4:$C$15) -> 1.53 | F22: 66643 | G22: Sierra | H22: 2011 | I22: =(C22-E22)*((Factores!$E$5*Factores!$L$4)+Factores!$N$4*Factores!$L$20+Factores!$P$4*Factores!$L$21)*Factores!$J$4*F22*Variables!$C$18 -> 220012.44 | K22: =Factores!$J$4*C22*F22*(Factores!$E$5*Factores!$L$4+Factores!$N$4*Factores!$L$20+Factores!$P$4*Factores!$L$21)*Variables!$C$18 -> 480284.88 | L22: =Factores!$J$4*E22*F22*(Factores!$E$5*Factores!$L$4+Factores!$N$4*Factores!$L$20+Factores!$P$4*Factores!$L$21)*Variables!$C$18 -> 260272.44 | M22: =K22-L22 -> 220012.44 | N22: =I22-M22 -> 0
B23: Tres piedras | C23: 2.8233333 | D23: Inkawasi Plancha | E23: =SUMIF(Variables!$B$4:$B$15,Formato!D23,Variables!$C$4:$C$15) -> 1.9 | F23: 2650 | G23: Costa | H23: 2011 | I23: =(C23-E23)*((Factores!$D$5*Factores!$L$4)+Factores!$N$4*Factores!$L$20+Factores!$P$4*Factores!$L$21)*Factores!$J$4*F23*Variables!$C$18 -> 8032.7737 | K23: =Factores!$J$4*C23*F23*(Factores!$D$5*Factores!$L$4+Factores!$N$4*Factores!$L$20+Factores!$P$4*Factores!$L$21)*Variables!$C$18 -> 24562.308 | L23: =Factores!$J$4*E23*F23*(Factores!$D$5*Factores!$L$4+Factores!$N$4*Factores!$L$20+Factores!$P$4*Factores!$L$21)*Variables!$C$18 -> 16529.534 | M23: =K23-L23 -> 8032.7737 | N23: =I23-M23 -> 0
B24: Tres piedras | C24: 2.8233333 | D24: Inkawasi UK | E24: =SUMIF(Variables!$B$4:$B$15,Formato!D24,Variables!$C$4:$C$15) -> 2 | F24: 2422 | G24: Costa | H24: 2011 | I24: =(C24-E24)*((Factores!$D$5*Factores!$L$4)+Factores!$N$4*Factores!$L$20+Factores!$P$4*Factores!$L$21)*Factores!$J$4*F24*Variables!$C$18 -> 6546.5273 | K24: =Factores!$J$4*C24*F24*(Factores!$D$5*Factores!$L$4+Factores!$N$4*Factores!$L$20+Factores!$P$4*Factores!$L$21)*Variables!$C$18 -> 22449.023 | L24: =Factores!$J$4*E24*F24*(Factores!$D$5*Factores!$L$4+Factores!$N$4*Factores!$L$20+Factores!$P$4*Factores!$L$21)*Variables!$C$18 -> 15902.495 | M24: =K24-L24 -> 6546.5273 | N24: =I24-M24 -> 0
B25: Tres piedras | C25: 2.8233333 | D25: Inkawasi UK | E25: =SUMIF(Variables!$B$4:$B$15,Formato!D25,Variables!$C$4:$C$15) -> 2 | F25: 449 | G25: Sierra | H25: 2011 | I25: =(C25-E25)*((Factores!$E$5*Factores!$L$4)+Factores!$N$4*Factores!$L$20+Factores!$P$4*Factores!$L$21)*Factores!$J$4*F25*Variables!$C$18 -> 943.63548 | K25: =Factores!$J$4*C25*F25*(Factores!$E$5*Factores!$L$4+Factores!$N$4*Factores!$L$20+Factores!$P$4*Factores!$L$21)*Variables!$C$18 -> 3235.8674 | L25: =Factores!$J$4*E25*F25*(Factores!$E$5*Factores!$L$4+Factores!$N$4*Factores!$L$20+Factores!$P$4*Factores!$L$21)*Variables!$C$18 -> 2292.2319 | M25: =K25-L25 -> 943.63548 | N25: =I25-M25 -> 0
B26: Tres piedras | C26: 2.8233333 | D26: Mejorada Selva | E26: =SUMIF(Variables!$B$4:$B$15,Formato!D26,Variables!$C$4:$C$15) -> 1.16 | F26: 7326 | G26: Selva | H26: 2011 | I26: =(C26-E26)*((Factores!$F$5*Factores!$L$4)+Factores!$N$4*Factores!$L$20+Factores!$P$4*Factores!$L$21)*Factores!$J$4*F26*Variables!$C$18 -> 22205.383 | K26: =Factores!$J$4*C26*F26*(Factores!$F$5*Factores!$L$4+Factores!$N$4*Factores!$L$20+Factores!$P$4*Factores!$L$21)*Variables!$C$18 -> 37691.301 | L26: =Factores!$J$4*E26*F26*(Factores!$F$5*Factores!$L$4+Factores!$N$4*Factores!$L$20+Factores!$P$4*Factores!$L$21)*Variables!$C$18 -> 15485.918 | M26: =K26-L26 -> 22205.383 | N26: =I26-M26 -> 0
B27: Total | I27: =SUM(I16:I26) -> 490537.87
B28: Tres piedras | C28: 2.8233333 | D28: Amaray | E28: =SUMIF(Variables!$B$4:$B$15,Formato!D28,Variables!$C$4:$C$15) -> 1.92 | F28: 6 | G28: Sierra | H28: 2012 | I28: =(C28-E28)*((Factores!$E$6*Factores!$L$4)+Factores!$N$4*Factores!$L$20+Factores!$P$4*Factores!$L$21)*Factores!$J$4*F28*Variables!$C$18 -> 13.835075 | K28: =Factores!$J$4*C28*F28*(Factores!$E$6*Factores!$L$4+Factores!$N$4*Factores!$L$20+Factores!$P$4*Factores!$L$21)*Variables!$C$18 -> 43.24099 | L28: =Factores!$J$4*E28*F28*(Factores!$E$6*Factores!$L$4+Factores!$N$4*Factores!$L$20+Factores!$P$4*Factores!$L$21)*Variables!$C$18 -> 29.405915 | M28: =K28-L28 -> 13.835075 | N28: =I28-M28 -> 0
B29: Tres piedras | C29: 2.8233333 | D29: Inkawasi 3 Hornillas | E29: =SUMIF(Variables!$B$4:$B$15,Formato!D29,Variables!$C$4:$C$15) -> 1.42 | F29: 44022 | G29: Sierra | H29: 2012 | I29: =(C29-E29)*((Factores!$E$6*Factores!$L$4)+Factores!$N$4*Factores!$L$20+Factores!$P$4*Factores!$L$21)*Factores!$J$4*F29*Variables!$C$18 -> 157693.15 | K29: =Factores!$J$4*C29*F29*(Factores!$E$6*Factores!$L$4+Factores!$N$4*Factores!$L$20+Factores!$P$4*Factores!$L$21)*Variables!$C$18 -> 317259.14 | L29: =Factores!$J$4*E29*F29*(Factores!$E$6*Factores!$L$4+Factores!$N$4*Factores!$L$20+Factores!$P$4*Factores!$L$21)*Variables!$C$18 -> 159565.99 | M29: =K29-L29 -> 157693.15 | N29: =I29-M29 -> 0
B30: Tres piedras | C30: 2.8233333 | D30: Inkawasi Pichqa | E30: =SUMIF(Variables!$B$4:$B$15,Formato!D30,Variables!$C$4:$C$15) -> 0.84 | F30: 719 | G30: Costa | H30: 2012 | I30: =(C30-E30)*((Factores!$D$6*Factores!$L$4)+Factores!$N$4*Factores!$L$20+Factores!$P$4*Factores!$L$21)*Factores!$J$4*F30*Variables!$C$18 -> 4776.1861 | K30: =Factores!$J$4*C30*F30*(Factores!$D$6*Factores!$L$4+Factores!$N$4*Factores!$L$20+Factores!$P$4*Factores!$L$21)*Variables!$C$18 -> 6799.0414 | L30: =Factores!$J$4*E30*F30*(Factores!$D$6*Factores!$L$4+Factores!$N$4*Factores!$L$20+Factores!$P$4*Factores!$L$21)*Variables!$C$18 -> 2022.8553 | M30: =K30-L30 -> 4776.1861 | N30: =I30-M30 -> 0
B31: Tres piedras | C31: 2.8233333 | D31: Inkawasi Pichqa | E31: =SUMIF(Variables!$B$4:$B$15,Formato!D31,Variables!$C$4:$C$15) -> 0.84 | F31: 4702 | G31: Sierra | H31: 2012 | I31: =(C31-E31)*((Factores!$E$6*Factores!$L$4)+Factores!$N$4*Factores!$L$20+Factores!$P$4*Factores!$L$21)*Factores!$J$4*F31*Variables!$C$18 -> 23804.582 | K31: =Factores!$J$4*C31*F31*(Factores!$E$6*Factores!$L$4+Factores!$N$4*Factores!$L$20+Factores!$P$4*Factores!$L$21)*Variables!$C$18 -> 33886.522 | L31: =Factores!$J$4*E31*F31*(Factores!$E$6*Factores!$L$4+Factores!$N$4*Factores!$L$20+Factores!$P$4*Factores!$L$21)*Variables!$C$18 -> 10081.941 | M31: =K31-L31 -> 23804.582 | N31: =I31-M31 -> 0
B32: Tres piedras | C32: 2.8233333 | D32: Inkawasi Pichqa | E32: =SUMIF(Variables!$B$4:$B$15,Formato!D32,Variables!$C$4:$C$15) -> 0.84 | F32: 8659 | G32: Selva | H32: 2012 | I32: =(C32-E32)*((Factores!$F$6*Factores!$L$4)+Factores!$N$4*Factores!$L$20+Factores!$P$4*Factores!$L$21)*Factores!$J$4*F32*Variables!$C$18 -> 31295.04 | K32: =Factores!$J$4*C32*F32*(Factores!$F$6*Factores!$L$4+Factores!$N$4*Factores!$L$20+Factores!$P$4*Factores!$L$21)*Variables!$C$18 -> 44549.41 | L32: =Factores!$J$4*E32*F32*(Factores!$F$6*Factores!$L$4+Factores!$N$4*Factores!$L$20+Factores!$P$4*Factores!$L$21)*Variables!$C$18 -> 13254.37 | M32: =K32-L32 -> 31295.04 | N32: =I32-M32 -> 0
B33: Tres piedras | C33: 2.8233333 | D33: Inkawasi Sojta | E33: =SUMIF(Variables!$B$4:$B$15,Formato!D33,Variables!$C$4:$C$15) -> 1.8 | F33: 10845 | G33: Costa | H33: 2012 | I33: =(C33-E33)*((Factores!$D$6*Factores!$L$4)+Factores!$N$4*Factores!$L$20+Factores!$P$4*Factores!$L$21)*Factores!$J$4*F33*Variables!$C$18 -> 37170.921 | K33: =Factores!$J$4*C33*F33*(Factores!$D$6*Factores!$L$4+Factores!$N$4*Factores!$L$20+Factores!$P$4*Factores!$L$21)*Variables!$C$18 -> 102553 | L33: =Factores!$J$4*E33*F33*(Factores!$D$6*Factores!$L$4+Factores!$N$4*Factores!$L$20+Factores!$P$4*Factores!$L$21)*Variables!$C$18 -> 65382.076 | M33: =K33-L33 -> 37170.921 | N33: =I33-M33 -> 0
B34: Tres piedras | C34: 2.8233333 | D34: Inkawasi Sojta | E34: =SUMIF(Variables!$B$4:$B$15,Formato!D34,Variables!$C$4:$C$15) -> 1.8 | F34: 79 | G34: Sierra | H34: 2012 | I34: =(C34-E34)*((Factores!$E$6*Factores!$L$4)+Factores!$N$4*Factores!$L$20+Factores!$P$4*Factores!$L$21)*Factores!$J$4*F34*Variables!$C$18 -> 206.36043 | K34: =Factores!$J$4*C34*F34*(Factores!$E$6*Factores!$L$4+Factores!$N$4*Factores!$L$20+Factores!$P$4*Factores!$L$21)*Variables!$C$18 -> 569.3397 | L34: =Factores!$J$4*E34*F34*(Factores!$E$6*Factores!$L$4+Factores!$N$4*Factores!$L$20+Factores!$P$4*Factores!$L$21)*Variables!$C$18 -> 362.97926 | M34: =K34-L34 -> 206.36043 | N34: =I34-M34 -> 0
B35: Tres piedras | C35: 2.8233333 | D35: Inkawasi Tawa | E35: =SUMIF(Variables!$B$4:$B$15,Formato!D35,Variables!$C$4:$C$15) -> 1.53 | F35: 703 | G35: Costa | H35: 2012 | I35: =(C35-E35)*((Factores!$D$6*Factores!$L$4)+Factores!$N$4*Factores!$L$20+Factores!$P$4*Factores!$L$21)*Factores!$J$4*F35*Variables!$C$18 -> 3045.2464 | K35: =Factores!$J$4*C35*F35*(Factores!$D$6*Factores!$L$4+Factores!$N$4*Factores!$L$20+Factores!$P$4*Factores!$L$21)*Variables!$C$18 -> 6647.7415 | L35: =Factores!$J$4*E35*F35*(Factores!$D$6*Factores!$L$4+Factores!$N$4*Factores!$L$20+Factores!$P$4*Factores!$L$21)*Variables!$C$18 -> 3602.4951 | M35: =K35-L35 -> 3045.2464 | N35: =I35-M35 -> 0
B36: Tres piedras | C36: 2.8233333 | D36: Inkawasi Tawa | E36: =SUMIF(Variables!$B$4:$B$15,Formato!D36,Variables!$C$4:$C$15) -> 1.53 | F36: 66643 | G36: Sierra | H36: 2012 | I36: =(C36-E36)*((Factores!$E$6*Factores!$L$4)+Factores!$N$4*Factores!$L$20+Factores!$P$4*Factores!$L$21)*Factores!$J$4*F36*Variables!$C$18 -> 220012.44 | K36: =Factores!$J$4*C36*F36*(Factores!$E$6*Factores!$L$4+Factores!$N$4*Factores!$L$20+Factores!$P$4*Factores!$L$21)*Variables!$C$18 -> 480284.88 | L36: =Factores!$J$4*E36*F36*(Factores!$E$6*Factores!$L$4+Factores!$N$4*Factores!$L$20+Factores!$P$4*Factores!$L$21)*Variables!$C$18 -> 260272.44 | M36: =K36-L36 -> 220012.44 | N36: =I36-M36 -> 0
B37: Tres piedras | C37: 2.8233333 | D37: Inkawasi Plancha | E37: =SUMIF(Variables!$B$4:$B$15,Formato!D37,Variables!$C$4:$C$15) -> 1.9 | F37: 3379 | G37: Costa | H37: 2012 | I37: =(C37-E37)*((Factores!$D$6*Factores!$L$4)+Factores!$N$4*Factores!$L$20+Factores!$P$4*Factores!$L$21)*Factores!$J$4*F37*Variables!$C$18 -> 10449.689 | K37: =Factores!$J$4*C37*F37*(Factores!$D$6*Factores!$L$4+Factores!$N$4*Factores!$L$20+Factores!$P$4*Factores!$L$21)*Variables!$C$18 -> 31952.658 | L37: =Factores!$J$4*E37*F37*(Factores!$D$6*Factores!$L$4+Factores!$N$4*Factores!$L$20+Factores!$P$4*Factores!$L$21)*Variables!$C$18 -> 21502.969 | M37: =K37-L37 -> 10449.689 | N37: =I37-M37 -> 0
B38: Tres piedras | C38: 2.8233333 | D38: Inkawasi UK | E38: =SUMIF(Variables!$B$4:$B$15,Formato!D38,Variables!$C$4:$C$15) -> 2 | F38: 2422 | G38: Costa | H38: 2012 | I38: =(C38-E38)*((Factores!$D$6*Factores!$L$4)+Factores!$N$4*Factores!$L$20+Factores!$P$4*Factores!$L$21)*Factores!$J$4*F38*Variables!$C$18 -> 6678.9237 | K38: =Factores!$J$4*C38*F38*(Factores!$D$6*Factores!$L$4+Factores!$N$4*Factores!$L$20+Factores!$P$4*Factores!$L$21)*Variables!$C$18 -> 22903.03 | L38: =Factores!$J$4*E38*F38*(Factores!$D$6*Factores!$L$4+Factores!$N$4*Factores!$L$20+Factores!$P$4*Factores!$L$21)*Variables!$C$18 -> 16224.106 | M38: =K38-L38 -> 6678.9237 | N38: =I38-M38 -> 0
B39: Tres piedras | C39: 2.8233333 | D39: Inkawasi UK | E39: =SUMIF(Variables!$B$4:$B$15,Formato!D39,Variables!$C$4:$C$15) -> 2 | F39: 455 | G39: Sierra | H39: 2012 | I39: =(C39-E39)*((Factores!$E$6*Factores!$L$4)+Factores!$N$4*Factores!$L$20+Factores!$P$4*Factores!$L$21)*Factores!$J$4*F39*Variables!$C$18 -> 956.2453 | K39: =Factores!$J$4*C39*F39*(Factores!$E$6*Factores!$L$4+Factores!$N$4*Factores!$L$20+Factores!$P$4*Factores!$L$21)*Variables!$C$18 -> 3279.1084 | L39: =Factores!$J$4*E39*F39*(Factores!$E$6*Factores!$L$4+Factores!$N$4*Factores!$L$20+Factores!$P$4*Factores!$L$21)*Variables!$C$18 -> 2322.8631 | M39: =K39-L39 -> 956.2453 | N39: =I39-M39 -> 0
B40: Tres piedras | C40: 2.8233333 | D40: Mejorada Selva | E40: =SUMIF(Variables!$B$4:$B$15,Formato!D40,Variables!$C$4:$C$15) -> 1.16 | F40: 7326 | G40: Selva | H40: 2012 | I40: =(C40-E40)*((Factores!$F$6*Factores!$L$4)+Factores!$N$4*Factores!$L$20+Factores!$P$4*Factores!$L$21)*Factores!$J$4*F40*Variables!$C$18 -> 22205.383 | K40: =Factores!$J$4*C40*F40*(Factores!$F$6*Factores!$L$4+Factores!$N$4*Factores!$L$20+Factores!$P$4*Factores!$L$21)*Variables!$C$18 -> 37691.301 | L40: =Factores!$J$4*E40*F40*(Factores!$F$6*Factores!$L$4+Factores!$N$4*Factores!$L$20+Factores!$P$4*Factores!$L$21)*Variables!$C$18 -> 15485.918 | M40: =K40-L40 -> 22205.383 | N40: =I40-M40 -> 0
B41: Total | I41: =SUM(I28:I40) -> 518308
B42: Tres piedras | C42: 2.8233333 | D42: Amaray | E42: =SUMIF(Variables!$B$4:$B$15,Formato!D42,Variables!$C$4:$C$15) -> 1.92 | F42: 6 | G42: Sierra | H42: 2013 | I42: =(C42-E42)*((Factores!$E$7*Factores!$L$4)+Factores!$N$4*Factores!$L$20+Factores!$P$4*Factores!$L$21)*Factores!$J$4*F42*Variables!$C$18 -> 13.835075 | K42: =Factores!$J$4*C42*F42*(Factores!$E$7*Factores!$L$4+Factores!$N$4*Factores!$L$20+Factores!$P$4*Factores!$L$21)*Variables!$C$18 -> 43.24099 | L42: =Factores!$J$4*E42*F42*(Factores!$E$7*Factores!$L$4+Factores!$N$4*Factores!$L$20+Factores!$P$4*Factores!$L$21)*Variables!$C$18 -> 29.405915 | M42: =K42-L42 -> 13.835075 | N42: =I42-M42 -> 0
B43: Tres piedras | C43: 2.8233333 | D43: Inkawasi 3 Hornillas | E43: =SUMIF(Variables!$B$4:$B$15,Formato!D43,Variables!$C$4:$C$15) -> 1.42 | F43: 54740 | G43: Sierra | H43: 2013 | I43: =(C43-E43)*((Factores!$E$7*Factores!$L$4)+Factores!$N$4*Factores!$L$20+Factores!$P$4*Factores!$L$21)*Factores!$J$4*F43*Variables!$C$18 -> 196086.57 | K43: =Factores!$J$4*C43*F43*(Factores!$E$7*Factores!$L$4+Factores!$N$4*Factores!$L$20+Factores!$P$4*Factores!$L$21)*Variables!$C$18 -> 394501.96 | L43: =Factores!$J$4*E43*F43*(Factores!$E$7*Factores!$L$4+Factores!$N$4*Factores!$L$20+Factores!$P$4*Factores!$L$21)*Variables!$C$18 -> 198415.39 | M43: =K43-L43 -> 196086.57 | N43: =I43-M43 -> 0
B44: Tres piedras | C44: 2.8233333 | D44: Inkawasi Pichqa | E44: =SUMIF(Variables!$B$4:$B$15,Formato!D44,Variables!$C$4:$C$15) -> 0.84 | F44: 1620 | G44: Costa | H44: 2013 | I44: =(C44-E44)*((Factores!$D$7*Factores!$L$4)+Factores!$N$4*Factores!$L$20+Factores!$P$4*Factores!$L$21)*Factores!$J$4*F44*Variables!$C$18 -> 10761.365 | K44: =Factores!$J$4*C44*F44*(Factores!$D$7*Factores!$L$4+Factores!$N$4*Factores!$L$20+Factores!$P$4*Factores!$L$21)*Variables!$C$18 -> 15319.12 | L44: =Factores!$J$4*E44*F44*(Factores!$D$7*Factores!$L$4+Factores!$N$4*Factores!$L$20+Factores!$P$4*Factores!$L$21)*Variables!$C$18 -> 4557.7547 | M44: =K44-L44 -> 10761.365 | N44: =I44-M44 -> 0
B45: Tres piedras | C45: 2.8233333 | D45: Inkawasi Pichqa | E45: =SUMIF(Variables!$B$4:$B$15,Formato!D45,Variables!$C$4:$C$15) -> 0.84 | F45: 7541 | G45: Sierra | H45: 2013 | I45: =(C45-E45)*((Factores!$E$7*Factores!$L$4)+Factores!$N$4*Factores!$L$20+Factores!$P$4*Factores!$L$21)*Factores!$J$4*F45*Variables!$C$18 -> 38177.446 | K45: =Factores!$J$4*C45*F45*(Factores!$E$7*Factores!$L$4+Factores!$N$4*Factores!$L$20+Factores!$P$4*Factores!$L$21)*Variables!$C$18 -> 54346.717 | L45: =Factores!$J$4*E45*F45*(Factores!$E$7*Factores!$L$4+Factores!$N$4*Factores!$L$20+Factores!$P$4*Factores!$L$21)*Variables!$C$18 -> 16169.271 | M45: =K45-L45 -> 38177.446 | N45: =I45-M45 -> 0
B46: Tres piedras | C46: 2.8233333 | D46: Inkawasi Pichqa | E46: =SUMIF(Variables!$B$4:$B$15,Formato!D46,Variables!$C$4:$C$15) -> 0.84 | F46: 8853 | G46: Selva | H46: 2013 | I46: =(C46-E46)*((Factores!$F$7*Factores!$L$4)+Factores!$N$4*Factores!$L$20+Factores!$P$4*Factores!$L$21)*Factores!$J$4*F46*Variables!$C$18 -> 31996.188 | K46: =Factores!$J$4*C46*F46*(Factores!$F$7*Factores!$L$4+Factores!$N$4*Factores!$L$20+Factores!$P$4*Factores!$L$21)*Variables!$C$18 -> 45547.514 | L46: =Factores!$J$4*E46*F46*(Factores!$F$7*Factores!$L$4+Factores!$N$4*Factores!$L$20+Factores!$P$4*Factores!$L$21)*Variables!$C$18 -> 13551.326 | M46: =K46-L46 -> 31996.188 | N46: =I46-M46 -> 0
B47: Tres piedras | C47: 2.8233333 | D47: Inkawasi Sojta | E47: =SUMIF(Variables!$B$4:$B$15,Formato!D47,Variables!$C$4:$C$15) -> 1.8 | F47: 11205 | G47: Costa | H47: 2013 | I47: =(C47-E47)*((Factores!$D$7*Factores!$L$4)+Factores!$N$4*Factores!$L$20+Factores!$P$4*Factores!$L$21)*Factores!$J$4*F47*Variables!$C$18 -> 38404.81 | K47: =Factores!$J$4*C47*F47*(Factores!$D$7*Factores!$L$4+Factores!$N$4*Factores!$L$20+Factores!$P$4*Factores!$L$21)*Variables!$C$18 -> 105957.25 | L47: =Factores!$J$4*E47*F47*(Factores!$D$7*Factores!$L$4+Factores!$N$4*Factores!$L$20+Factores!$P$4*Factores!$L$21)*Variables!$C$18 -> 67552.435 | M47: =K47-L47 -> 38404.81 | N47: =I47-M47 -> 0
B48: Tres piedras | C48: 2.8233333 | D48: Inkawasi Sojta | E48: =SUMIF(Variables!$B$4:$B$15,Formato!D48,Variables!$C$4:$C$15) -> 1.8 | F48: 1274 | G48: Sierra | H48: 2013 | I48: =(C48-E48)*((Factores!$E$7*Factores!$L$4)+Factores!$N$4*Factores!$L$20+Factores!$P$4*Factores!$L$21)*Factores!$J$4*F48*Variables!$C$18 -> 3327.8885 | K48: =Factores!$J$4*C48*F48*(Factores!$E$7*Factores!$L$4+Factores!$N$4*Factores!$L$20+Factores!$P$4*Factores!$L$21)*Variables!$C$18 -> 9181.5035 | L48: =Factores!$J$4*E48*F48*(Factores!$E$7*Factores!$L$4+Factores!$N$4*Factores!$L$20+Factores!$P$4*Factores!$L$21)*Variables!$C$18 -> 5853.615 | M48: =K48-L48 -> 3327.8885 | N48: =I48-M48 -> 0
B49: Tres piedras | C49: 2.8233333 | D49: Inkawasi Tawa | E49: =SUMIF(Variables!$B$4:$B$15,Formato!D49,Variables!$C$4:$C$15) -> 1.53 | F49: 703 | G49: Costa | H49: 2013 | I49: =(C49-E49)*((Factores!$D$7*Factores!$L$4)+Factores!$N$4*Factores!$L$20+Factores!$P$4*Factores!$L$21)*Factores!$J$4*F49*Variables!$C$18 -> 3045.2464 | K49: =Factores!$J$4*C49*F49*(Factores!$D$7*Factores!$L$4+Factores!$N$4*Factores!$L$20+Factores!$P$4*Factores!$L$21)*Variables!$C$18 -> 6647.7415 | L49: =Factores!$J$4*E49*F49*(Factores!$D$7*Factores!$L$4+Factores!$N$4*Factores!$L$20+Factores!$P$4*Factores!$L$21)*Variables!$C$18 -> 3602.4951 | M49: =K49-L49 -> 3045.2464 | N49: =I49-M49 -> 0
B50: Tres piedras | C50: 2.8233333 | D50: Inkawasi Tawa | E50: =SUMIF(Variables!$B$4:$B$15,Formato!D50,Variables!$C$4:$C$15) -> 1.53 | F50: 75624 | G50: Sierra | H50: 2013 | I50: =(C50-E50)*((Factores!$E$7*Factores!$L$4)+Factores!$N$4*Factores!$L$20+Factores!$P$4*Factores!$L$21)*Factores!$J$4*F50*Variables!$C$18 -> 249661.94 | K50: =Factores!$J$4*C50*F50*(Factores!$E$7*Factores!$L$4+Factores!$N$4*Factores!$L$20+Factores!$P$4*Factores!$L$21)*Variables!$C$18 -> 545009.44 | L50: =Factores!$J$4*E50*F50*(Factores!$E$7*Factores!$L$4+Factores!$N$4*Factores!$L$20+Factores!$P$4*Factores!$L$21)*Variables!$C$18 -> 295347.5 | M50: =K50-L50 -> 249661.94 | N50: =I50-M50 -> 0
B51: Tres piedras | C51: 2.8233333 | D51: Inkawasi Plancha | E51: =SUMIF(Variables!$B$4:$B$15,Formato!D51,Variables!$C$4:$C$15) -> 1.9 | F51: 5593 | G51: Costa | H51: 2013 | I51: =(C51-E51)*((Factores!$D$7*Factores!$L$4)+Factores!$N$4*Factores!$L$20+Factores!$P$4*Factores!$L$21)*Factores!$J$4*F51*Variables!$C$18 -> 17296.57 | K51: =Factores!$J$4*C51*F51*(Factores!$D$7*Factores!$L$4+Factores!$N$4*Factores!$L$20+Factores!$P$4*Factores!$L$21)*Variables!$C$18 -> 52888.788 | L51: =Factores!$J$4*E51*F51*(Factores!$D$7*Factores!$L$4+Factores!$N$4*Factores!$L$20+Factores!$P$4*Factores!$L$21)*Variables!$C$18 -> 35592.219 | M51: =K51-L51 -> 17296.57 | N51: =I51-M51 -> 0
B52: Tres piedras | C52: 2.8233333 | D52: Inkawasi UK | E52: =SUMIF(Variables!$B$4:$B$15,Formato!D52,Variables!$C$4:$C$15) -> 2 | F52: 2468 | G52: Costa | H52: 2013 | I52: =(C52-E52)*((Factores!$D$7*Factores!$L$4)+Factores!$N$4*Factores!$L$20+Factores!$P$4*Factores!$L$21)*Factores!$J$4*F52*Variables!$C$18 -> 6805.7736 | K52: =Factores!$J$4*C52*F52*(Factores!$D$7*Factores!$L$4+Factores!$N$4*Factores!$L$20+Factores!$P$4*Factores!$L$21)*Variables!$C$18 -> 23338.017 | L52: =Factores!$J$4*E52*F52*(Factores!$D$7*Factores!$L$4+Factores!$N$4*Factores!$L$20+Factores!$P$4*Factores!$L$21)*Variables!$C$18 -> 16532.244 | M52: =K52-L52 -> 6805.7736 | N52: =I52-M52 -> 0
B53: Tres piedras | C53: 2.8233333 | D53: Inkawasi UK | E53: =SUMIF(Variables!$B$4:$B$15,Formato!D53,Variables!$C$4:$C$15) -> 2 | F53: 526 | G53: Sierra | H53: 2013 | I53: =(C53-E53)*((Factores!$E$7*Factores!$L$4)+Factores!$N$4*Factores!$L$20+Factores!$P$4*Factores!$L$21)*Factores!$J$4*F53*Variables!$C$18 -> 1105.4616 | K53: =Factores!$J$4*C53*F53*(Factores!$E$7*Factores!$L$4+Factores!$N$4*Factores!$L$20+Factores!$P$4*Factores!$L$21)*Variables!$C$18 -> 3790.7934 | L53: =Factores!$J$4*E53*F53*(Factores!$E$7*Factores!$L$4+Factores!$N$4*Factores!$L$20+Factores!$P$4*Factores!$L$21)*Variables!$C$18 -> 2685.3318 | M53: =K53-L53 -> 1105.4616 | N53: =I53-M53 -> 0
B54: Tres piedras | C54: 2.8233333 | D54: Mejorada Selva | E54: =SUMIF(Variables!$B$4:$B$15,Formato!D54,Variables!$C$4:$C$15) -> 1.16 | F54: 9722 | G54: Selva | H54: 2013 | I54: =(C54-E54)*((Factores!$F$7*Factores!$L$4)+Factores!$N$4*Factores!$L$20+Factores!$P$4*Factores!$L$21)*Factores!$J$4*F54*Variables!$C$18 -> 29467.749 | K54: =Factores!$J$4*C54*F54*(Factores!$F$7*Factores!$L$4+Factores!$N$4*Factores!$L$20+Factores!$P$4*Factores!$L$21)*Variables!$C$18 -> 50018.404 | L54: =Factores!$J$4*E54*F54*(Factores!$F$7*Factores!$L$4+Factores!$N$4*Factores!$L$20+Factores!$P$4*Factores!$L$21)*Variables!$C$18 -> 20550.655 | M54: =K54-L54 -> 29467.749 | N54: =I54-M54 -> 0
B55: Total | I55: =SUM(I42:I54) -> 626150.84
B56: Tres piedras | C56: 2.8233333 | D56: Amaray | E56: =SUMIF(Variables!$B$4:$B$15,Formato!D56,Variables!$C$4:$C$15) -> 1.92 | F56: 6 | G56: Sierra | H56: 2014 | I56: =(C56-E56)*((Factores!$E$8*Factores!$L$4)+Factores!$N$4*Factores!$L$20+Factores!$P$4*Factores!$L$21)*Factores!$J$4*F56*Variables!$C$18 -> 13.835075 | K56: =Factores!$J$4*C56*F56*(Factores!$E$8*Factores!$L$4+Factores!$N$4*Factores!$L$20+Factores!$P$4*Factores!$L$21)*Variables!$C$18 -> 43.24099 | L56: =Factores!$J$4*E56*F56*(Factores!$E$8*Factores!$L$4+Factores!$N$4*Factores!$L$20+Factores!$P$4*Factores!$L$21)*Variables!$C$18 -> 29.405915 | M56: =K56-L56 -> 13.835075 | N56: =I56-M56 -> 0
B57: Tres piedras | C57: 2.8233333 | D57: Inkawasi 3 Hornillas | E57: =SUMIF(Variables!$B$4:$B$15,Formato!D57,Variables!$C$4:$C$15) -> 1.42 | F57: 2030 | G57: Costa | H57: 2014 | I57: =(C57-E57)*((Factores!$D$8*Factores!$L$4)+Factores!$N$4*Factores!$L$20+Factores!$P$4*Factores!$L$21)*Factores!$J$4*F57*Variables!$C$18 -> 9541.4312 | K57: =Factores!$J$4*C57*F57*(Factores!$D$8*Factores!$L$4+Factores!$N$4*Factores!$L$20+Factores!$P$4*Factores!$L$21)*Variables!$C$18 -> 19196.181 | L57: =Factores!$J$4*E57*F57*(Factores!$D$8*Factores!$L$4+Factores!$N$4*Factores!$L$20+Factores!$P$4*Factores!$L$21)*Variables!$C$18 -> 9654.7498 | M57: =K57-L57 -> 9541.4312 | N57: =I57-M57 -> 0
B58: Tres piedras | C58: 2.8233333 | D58: Inkawasi 3 Hornillas | E58: =SUMIF(Variables!$B$4:$B$15,Formato!D58,Variables!$C$4:$C$15) -> 1.42 | F58: 71904 | G58: Sierra | H58: 2014 | I58: =(C58-E58)*((Factores!$E$8*Factores!$L$4)+Factores!$N$4*Factores!$L$20+Factores!$P$4*Factores!$L$21)*Factores!$J$4*F58*Variables!$C$18 -> 257570.49 | K58: =Factores!$J$4*C58*F58*(Factores!$E$8*Factores!$L$4+Factores!$N$4*Factores!$L$20+Factores!$P$4*Factores!$L$21)*Variables!$C$18 -> 518200.02 | L58: =Factores!$J$4*E58*F58*(Factores!$E$8*Factores!$L$4+Factores!$N$4*Factores!$L$20+Factores!$P$4*Factores!$L$21)*Variables!$C$18 -> 260629.53 | M58: =K58-L58 -> 257570.49 | N58: =I58-M58 -> 0
B59: Tres piedras | C59: 2.8233333 | D59: Inkawasi Pichqa | E59: =SUMIF(Variables!$B$4:$B$15,Formato!D59,Variables!$C$4:$C$15) -> 0.84 | F59: 2802 | G59: Costa | H59: 2014 | I59: =(C59-E59)*((Factores!$D$8*Factores!$L$4)+Factores!$N$4*Factores!$L$20+Factores!$P$4*Factores!$L$21)*Factores!$J$4*F59*Variables!$C$18 -> 18613.176 | K59: =Factores!$J$4*C59*F59*(Factores!$D$8*Factores!$L$4+Factores!$N$4*Factores!$L$20+Factores!$P$4*Factores!$L$21)*Variables!$C$18 -> 26496.404 | L59: =Factores!$J$4*E59*F59*(Factores!$D$8*Factores!$L$4+Factores!$N$4*Factores!$L$20+Factores!$P$4*Factores!$L$21)*Variables!$C$18 -> 7883.2275 | M59: =K59-L59 -> 18613.176 | N59: =I59-M59 -> 0
B60: Tres piedras | C60: 2.8233333 | D60: Inkawasi Pichqa | E60: =SUMIF(Variables!$B$4:$B$15,Formato!D60,Variables!$C$4:$C$15) -> 0.84 | F60: 21143 | G60: Sierra | H60: 2014 | I60: =(C60-E60)*((Factores!$E$8*Factores!$L$4)+Factores!$N$4*Factores!$L$20+Factores!$P$4*Factores!$L$21)*Factores!$J$4*F60*Variables!$C$18 -> 107039.62 | K60: =Factores!$J$4*C60*F60*(Factores!$E$8*Factores!$L$4+Factores!$N$4*Factores!$L$20+Factores!$P$4*Factores!$L$21)*Variables!$C$18 -> 152374.04 | L60: =Factores!$J$4*E60*F60*(Factores!$E$8*Factores!$L$4+Factores!$N$4*Factores!$L$20+Factores!$P$4*Factores!$L$21)*Variables!$C$18 -> 45334.425 | M60: =K60-L60 -> 107039.62 | N60: =I60-M60 -> 0
B61: Tres piedras | C61: 2.8233333 | D61: Inkawasi Pichqa | E61: =SUMIF(Variables!$B$4:$B$15,Formato!D61,Variables!$C$4:$C$15) -> 0.84 | F61: 10342 | G61: Selva | H61: 2014 | I61: =(C61-E61)*((Factores!$F$8*Factores!$L$4)+Factores!$N$4*Factores!$L$20+Factores!$P$4*Factores!$L$21)*Factores!$J$4*F61*Variables!$C$18 -> 37377.677 | K61: =Factores!$J$4*C61*F61*(Factores!$F$8*Factores!$L$4+Factores!$N$4*Factores!$L$20+Factores!$P$4*Factores!$L$21)*Variables!$C$18 -> 53208.222 | L61: =Factores!$J$4*E61*F61*(Factores!$F$8*Factores!$L$4+Factores!$N$4*Factores!$L$20+Factores!$P$4*Factores!$L$21)*Variables!$C$18 -> 15830.545 | M61: =K61-L61 -> 37377.677 | N61: =I61-M61 -> 0
B62: Tres piedras | C62: 2.8233333 | D62: Inkawasi Sojta | E62: =SUMIF(Variables!$B$4:$B$15,Formato!D62,Variables!$C$4:$C$15) -> 1.8 | F62: 11205 | G62: Costa | H62: 2014 | I62: =(C62-E62)*((Factores!$D$8*Factores!$L$4)+Factores!$N$4*Factores!$L$20+Factores!$P$4*Factores!$L$21)*Factores!$J$4*F62*Variables!$C$18 -> 38404.81 | K62: =Factores!$J$4*C62*F62*(Factores!$D$8*Factores!$L$4+Factores!$N$4*Factores!$L$20+Factores!$P$4*Factores!$L$21)*Variables!$C$18 -> 105957.25 | L62: =Factores!$J$4*E62*F62*(Factores!$D$8*Factores!$L$4+Factores!$N$4*Factores!$L$20+Factores!$P$4*Factores!$L$21)*Variables!$C$18 -> 67552.435 | M62: =K62-L62 -> 38404.81 | N62: =I62-M62 -> 0
B63: Tres piedras | C63: 2.8233333 | D63: Inkawasi Sojta | E63: =SUMIF(Variables!$B$4:$B$15,Formato!D63,Variables!$C$4:$C$15) -> 1.8 | F63: 1274 | G63: Sierra | H63: 2014 | I63: =(C63-E63)*((Factores!$E$8*Factores!$L$4)+Factores!$N$4*Factores!$L$20+Factores!$P$4*Factores!$L$21)*Factores!$J$4*F63*Variables!$C$18 -> 3327.8885 | K63: =Factores!$J$4*C63*F63*(Factores!$E$8*Factores!$L$4+Factores!$N$4*Factores!$L$20+Factores!$P$4*Factores!$L$21)*Variables!$C$18 -> 9181.5035 | L63: =Factores!$J$4*E63*F63*(Factores!$E$8*Factores!$L$4+Factores!$N$4*Factores!$L$20+Factores!$P$4*Factores!$L$21)*Variables!$C$18 -> 5853.615 | M63: =K63-L63 -> 3327.8885 | N63: =I63-M63 -> 0
B64: Tres piedras | C64: 2.8233333 | D64: Inkawasi Tawa | E64: =SUMIF(Variables!$B$4:$B$15,Formato!D64,Variables!$C$4:$C$15) -> 1.53 | F64: 703 | G64: Costa | H64: 2014 | I64: =(C64-E64)*((Factores!$D$8*Factores!$L$4)+Factores!$N$4*Factores!$L$20+Factores!$P$4*Factores!$L$21)*Factores!$J$4*F64*Variables!$C$18 -> 3045.2464 | K64: =Factores!$J$4*C64*F64*(Factores!$D$8*Factores!$L$4+Factores!$N$4*Factores!$L$20+Factores!$P$4*Factores!$L$21)*Variables!$C$18 -> 6647.7415 | L64: =Factores!$J$4*E64*F64*(Factores!$D$8*Factores!$L$4+Factores!$N$4*Factores!$L$20+Factores!$P$4*Factores!$L$21)*Variables!$C$18 -> 3602.4951 | M64: =K64-L64 -> 3045.2464 | N64: =I64-M64 -> 0
B65: Tres piedras | C65: 2.8233333 | D65: Inkawasi Tawa | E65: =SUMIF(Variables!$B$4:$B$15,Formato!D65,Variables!$C$4:$C$15) -> 1.53 | F65: 75624 | G65: Sierra | H65: 2014 | I65: =(C65-E65)*((Factores!$E$8*Factores!$L$4)+Factores!$N$4*Factores!$L$20+Factores!$P$4*Factores!$L$21)*Factores!$J$4*F65*Variables!$C$18 -> 249661.94 | K65: =Factores!$J$4*C65*F65*(Factores!$E$8*Factores!$L$4+Factores!$N$4*Factores!$L$20+Factores!$P$4*Factores!$L$21)*Variables!$C$18 -> 545009.44 | L65: =Factores!$J$4*E65*F65*(Factores!$E$8*Factores!$L$4+Factores!$N$4*Factores!$L$20+Factores!$P$4*Factores!$L$21)*Variables!$C$18 -> 295347.5 | M65: =K65-L65 -> 249661.94 | N65: =I65-M65 -> 0
B66: Tres piedras | C66: 2.8233333 | D66: Inkawasi Plancha | E66: =SUMIF(Variables!$B$4:$B$15,Formato!D66,Variables!$C$4:$C$15) -> 1.9 | F66: 5593 | G66: Costa | H66: 2014 | I66: =(C66-E66)*((Factores!$D$8*Factores!$L$4)+Factores!$N$4*Factores!$L$20+Factores!$P$4*Factores!$L$21)*Factores!$J$4*F66*Variables!$C$18 -> 17296.57 | K66: =Factores!$J$4*C66*F66*(Factores!$D$8*Factores!$L$4+Factores!$N$4*Factores!$L$20+Factores!$P$4*Factores!$L$21)*Variables!$C$18 -> 52888.788 | L66: =Factores!$J$4*E66*F66*(Factores!$D$8*Factores!$L$4+Factores!$N$4*Factores!$L$20+Factores!$P$4*Factores!$L$21)*Variables!$C$18 -> 35592.219 | M66: =K66-L66 -> 17296.57 | N66: =I66-M66 -> 0
B67: Tres piedras | C67: 2.8233333 | D67: Inkawasi UK | E67: =SUMIF(Variables!$B$4:$B$15,Formato!D67,Variables!$C$4:$C$15) -> 2 | F67: 2468 | G67: Costa | H67: 2014 | I67: =(C67-E67)*((Factores!$D$8*Factores!$L$4)+Factores!$N$4*Factores!$L$20+Factores!$P$4*Factores!$L$21)*Factores!$J$4*F67*Variables!$C$18 -> 6805.7736 | K67: =Factores!$J$4*C67*F67*(Factores!$D$8*Factores!$L$4+Factores!$N$4*Factores!$L$20+Factores!$P$4*Factores!$L$21)*Variables!$C$18 -> 23338.017 | L67: =Factores!$J$4*E67*F67*(Factores!$D$8*Factores!$L$4+Factores!$N$4*Factores!$L$20+Factores!$P$4*Factores!$L$21)*Variables!$C$18 -> 16532.244 | M67: =K67-L67 -> 6805.7736 | N67: =I67-M67 -> 0
B68: Tres piedras | C68: 2.8233333 | D68: Inkawasi UK | E68: =SUMIF(Variables!$B$4:$B$15,Formato!D68,Variables!$C$4:$C$15) -> 2 | F68: 526 | G68: Sierra | H68: 2014 | I68: =(C68-E68)*((Factores!$E$8*Factores!$L$4)+Factores!$N$4*Factores!$L$20+Factores!$P$4*Factores!$L$21)*Factores!$J$4*F68*Variables!$C$18 -> 1105.4616 | K68: =Factores!$J$4*C68*F68*(Factores!$E$8*Factores!$L$4+Factores!$N$4*Factores!$L$20+Factores!$P$4*Factores!$L$21)*Variables!$C$18 -> 3790.7934 | L68: =Factores!$J$4*E68*F68*(Factores!$E$8*Factores!$L$4+Factores!$N$4*Factores!$L$20+Factores!$P$4*Factores!$L$21)*Variables!$C$18 -> 2685.3318 | M68: =K68-L68 -> 1105.4616 | N68: =I68-M68 -> 0
B69: Tres piedras | C69: 2.8233333 | D69: Mejorada Selva | E69: =SUMIF(Variables!$B$4:$B$15,Formato!D69,Variables!$C$4:$C$15) -> 1.16 | F69: 13713 | G69: Selva | H69: 2014 | I69: =(C69-E69)*((Factores!$F$8*Factores!$L$4)+Factores!$N$4*Factores!$L$20+Factores!$P$4*Factores!$L$21)*Factores!$J$4*F69*Variables!$C$18 -> 41564.621 | K69: =Factores!$J$4*C69*F69*(Factores!$F$8*Factores!$L$4+Factores!$N$4*Factores!$L$20+Factores!$P$4*Factores!$L$21)*Variables!$C$18 -> 70551.571 | L69: =Factores!$J$4*E69*F69*(Factores!$F$8*Factores!$L$4+Factores!$N$4*Factores!$L$20+Factores!$P$4*Factores!$L$21)*Variables!$C$18 -> 28986.95 | M69: =K69-L69 -> 41564.621 | N69: =I69-M69 -> 0
B70: Total | I70: =SUM(I56:I69) -> 791368.54
B71: Tres piedras | C71: 2.8233333 | D71: Amaray | E71: =SUMIF(Variables!$B$4:$B$15,Formato!D71,Variables!$C$4:$C$15) -> 1.92 | F71: 6 | G71: Sierra | H71: 2015 | I71: =(C71-E71)*((Factores!$E$9*Factores!$L$4)+Factores!$N$4*Factores!$L$20+Factores!$P$4*Factores!$L$21)*Factores!$J$4*F71*Variables!$C$18 -> 13.835075 | K71: =Factores!$J$4*C71*F71*(Factores!$E$9*Factores!$L$4+Factores!$N$4*Factores!$L$20+Factores!$P$4*Factores!$L$21)*Variables!$C$18 -> 43.24099 | L71: =Factores!$J$4*E71*F71*(Factores!$E$9*Factores!$L$4+Factores!$N$4*Factores!$L$20+Factores!$P$4*Factores!$L$21)*Variables!$C$18 -> 29.405915 | M71: =K71-L71 -> 13.835075 | N71: =I71-M71 -> 0
B72: Tres piedras | C72: 2.8233333 | D72: Inkawasi 3 Hornillas | E72: =SUMIF(Variables!$B$4:$B$15,Formato!D72,Variables!$C$4:$C$15) -> 1.42 | F72: 2728 | G72: Costa | H72: 2015 | I72: =(C72-E72)*((Factores!$D$9*Factores!$L$4)+Factores!$N$4*Factores!$L$20+Factores!$P$4*Factores!$L$21)*Factores!$J$4*F72*Variables!$C$18 -> 12822.179 | K72: =Factores!$J$4*C72*F72*(Factores!$D$9*Factores!$L$4+Factores!$N$4*Factores!$L$20+Factores!$P$4*Factores!$L$21)*Variables!$C$18 -> 25796.641 | L72: =Factores!$J$4*E72*F72*(Factores!$D$9*Factores!$L$4+Factores!$N$4*Factores!$L$20+Factores!$P$4*Factores!$L$21)*Variables!$C$18 -> 12974.462 | M72: =K72-L72 -> 12822.179 | N72: =I72-M72 -> 0
B73: Tres piedras | C73: 2.8233333 | D73: Inkawasi 3 Hornillas | E73: =SUMIF(Variables!$B$4:$B$15,Formato!D73,Variables!$C$4:$C$15) -> 1.42 | F73: 75088 | G73: Sierra | H73: 2015 | I73: =(C73-E73)*((Factores!$E$9*Factores!$L$4)+Factores!$N$4*Factores!$L$20+Factores!$P$4*Factores!$L$21)*Factores!$J$4*F73*Variables!$C$18 -> 268976.04 | K73: =Factores!$J$4*C73*F73*(Factores!$E$9*Factores!$L$4+Factores!$N$4*Factores!$L$20+Factores!$P$4*Factores!$L$21)*Variables!$C$18 -> 541146.57 | L73: =Factores!$J$4*E73*F73*(Factores!$E$9*Factores!$L$4+Factores!$N$4*Factores!$L$20+Factores!$P$4*Factores!$L$21)*Variables!$C$18 -> 272170.53 | M73: =K73-L73 -> 268976.04 | N73: =I73-M73 -> 0
B74: Tres piedras | C74: 2.8233333 | D74: Inkawasi Pichqa | E74: =SUMIF(Variables!$B$4:$B$15,Formato!D74,Variables!$C$4:$C$15) -> 0.84 | F74: 2802 | G74: Costa | H74: 2015 | I74: =(C74-E74)*((Factores!$D$9*Factores!$L$4)+Factores!$N$4*Factores!$L$20+Factores!$P$4*Factores!$L$21)*Factores!$J$4*F74*Variables!$C$18 -> 18613.176 | K74: =Factores!$J$4*C74*F74*(Factores!$D$9*Factores!$L$4+Factores!$N$4*Factores!$L$20+Factores!$P$4*Factores!$L$21)*Variables!$C$18 -> 26496.404 | L74: =Factores!$J$4*E74*F74*(Factores!$D$9*Factores!$L$4+Factores!$N$4*Factores!$L$20+Factores!$P$4*Factores!$L$21)*Variables!$C$18 -> 7883.2275 | M74: =K74-L74 -> 18613.176 | N74: =I74-M74 -> 0
B75: Tres piedras | C75: 2.8233333 | D75: Inkawasi Pichqa | E75: =SUMIF(Variables!$B$4:$B$15,Formato!D75,Variables!$C$4:$C$15) -> 0.84 | F75: 22361 | G75: Sierra | H75: 2015 | I75: =(C75-E75)*((Factores!$E$9*Factores!$L$4)+Factores!$N$4*Factores!$L$20+Factores!$P$4*Factores!$L$21)*Factores!$J$4*F75*Variables!$C$18 -> 113205.92 | K75: =Factores!$J$4*C75*F75*(Factores!$E$9*Factores!$L$4+Factores!$N$4*Factores!$L$20+Factores!$P$4*Factores!$L$21)*Variables!$C$18 -> 161151.96 | L75: =Factores!$J$4*E75*F75*(Factores!$E$9*Factores!$L$4+Factores!$N$4*Factores!$L$20+Factores!$P$4*Factores!$L$21)*Variables!$C$18 -> 47946.038 | M75: =K75-L75 -> 113205.92 | N75: =I75-M75 -> 0
B76: Tres piedras | C76: 2.8233333 | D76: Inkawasi Pichqa | E76: =SUMIF(Variables!$B$4:$B$15,Formato!D76,Variables!$C$4:$C$15) -> 0.84 | F76: 10521 | G76: Selva | H76: 2015 | I76: =(C76-E76)*((Factores!$F$9*Factores!$L$4)+Factores!$N$4*Factores!$L$20+Factores!$P$4*Factores!$L$21)*Factores!$J$4*F76*Variables!$C$18 -> 38024.612 | K76: =Factores!$J$4*C76*F76*(Factores!$F$9*Factores!$L$4+Factores!$N$4*Factores!$L$20+Factores!$P$4*Factores!$L$21)*Variables!$C$18 -> 54129.153 | L76: =Factores!$J$4*E76*F76*(Factores!$F$9*Factores!$L$4+Factores!$N$4*Factores!$L$20+Factores!$P$4*Factores!$L$21)*Variables!$C$18 -> 16104.541 | M76: =K76-L76 -> 38024.612 | N76: =I76-M76 -> 0
B77: Tres piedras | C77: 2.8233333 | D77: Inkawasi Sojta | E77: =SUMIF(Variables!$B$4:$B$15,Formato!D77,Variables!$C$4:$C$15) -> 1.8 | F77: 11205 | G77: Costa | H77: 2015 | I77: =(C77-E77)*((Factores!$D$9*Factores!$L$4)+Factores!$N$4*Factores!$L$20+Factores!$P$4*Factores!$L$21)*Factores!$J$4*F77*Variables!$C$18 -> 38404.81 | K77: =Factores!$J$4*C77*F77*(Factores!$D$9*Factores!$L$4+Factores!$N$4*Factores!$L$20+Factores!$P$4*Factores!$L$21)*Variables!$C$18 -> 105957.25 | L77: =Factores!$J$4*E77*F77*(Factores!$D$9*Factores!$L$4+Factores!$N$4*Factores!$L$20+Factores!$P$4*Factores!$L$21)*Variables!$C$18 -> 67552.435 | M77: =K77-L77 -> 38404.81 | N77: =I77-M77 -> 0
B78: Tres piedras | C78: 2.8233333 | D78: Inkawasi Sojta | E78: =SUMIF(Variables!$B$4:$B$15,Formato!D78,Variables!$C$4:$C$15) -> 1.8 | F78: 1274 | G78: Sierra | H78: 2015 | I78: =(C78-E78)*((Factores!$E$9*Factores!$L$4)+Factores!$N$4*Factores!$L$20+Factores!$P$4*Factores!$L$21)*Factores!$J$4*F78*Variables!$C$18 -> 3327.8885 | K78: =Factores!$J$4*C78*F78*(Factores!$E$9*Factores!$L$4+Factores!$N$4*Factores!$L$20+Factores!$P$4*Factores!$L$21)*Variables!$C$18 -> 9181.5035 | L78: =Factores!$J$4*E78*F78*(Factores!$E$9*Factores!$L$4+Factores!$N$4*Factores!$L$20+Factores!$P$4*Factores!$L$21)*Variables!$C$18 -> 5853.615 | M78: =K78-L78 -> 3327.8885 | N78: =I78-M78 -> 0
B79: Tres piedras | C79: 2.8233333 | D79: Inkawasi Tawa | E79: =SUMIF(Variables!$B$4:$B$15,Formato!D79,Variables!$C$4:$C$15) -> 1.53 | F79: 703 | G79: Costa | H79: 2015 | I79: =(C79-E79)*((Factores!$D$9*Factores!$L$4)+Factores!$N$4*Factores!$L$20+Factores!$P$4*Factores!$L$21)*Factores!$J$4*F79*Variables!$C$18 -> 3045.2464 | K79: =Factores!$J$4*C79*F79*(Factores!$D$9*Factores!$L$4+Factores!$N$4*Factores!$L$20+Factores!$P$4*Factores!$L$21)*Variables!$C$18 -> 6647.7415 | L79: =Factores!$J$4*E79*F79*(Factores!$D$9*Factores!$L$4+Factores!$N$4*Factores!$L$20+Factores!$P$4*Factores!$L$21)*Variables!$C$18 -> 3602.4951 | M79: =K79-L79 -> 3045.2464 | N79: =I79-M79 -> 0
B80: Tres piedras | C80: 2.8233333 | D80: Inkawasi Tawa | E80: =SUMIF(Variables!$B$4:$B$15,Formato!D80,Variables!$C$4:$C$15) -> 1.53 | F80: 75624 | G80: Sierra | H80: 2015 | I80: =(C80-E80)*((Factores!$E$9*Factores!$L$4)+Factores!$N$4*Factores!$L$20+Factores!$P$4*Factores!$L$21)*Factores!$J$4*F80*Variables!$C$18 -> 249661.94 | K80: =Factores!$J$4*C80*F80*(Factores!$E$9*Factores!$L$4+Factores!$N$4*Factores!$L$20+Factores!$P$4*Factores!$L$21)*Variables!$C$18 -> 545009.44 | L80: =Factores!$J$4*E80*F80*(Factores!$E$9*Factores!$L$4+Factores!$N$4*Factores!$L$20+Factores!$P$4*Factores!$L$21)*Variables!$C$18 -> 295347.5 | M80: =K80-L80 -> 249661.94 | N80: =I80-M80 -> 0
B81: Tres piedras | C81: 2.8233333 | D81: Inkawasi Plancha | E81: =SUMIF(Variables!$B$4:$B$15,Formato!D81,Variables!$C$4:$C$15) -> 1.9 | F81: 5593 | G81: Costa | H81: 2015 | I81: =(C81-E81)*((Factores!$D$9*Factores!$L$4)+Factores!$N$4*Factores!$L$20+Factores!$P$4*Factores!$L$21)*Factores!$J$4*F81*Variables!$C$18 -> 17296.57 | K81: =Factores!$J$4*C81*F81*(Factores!$D$9*Factores!$L$4+Factores!$N$4*Factores!$L$20+Factores!$P$4*Factores!$L$21)*Variables!$C$18 -> 52888.788 | L81: =Factores!$J$4*E81*F81*(Factores!$D$9*Factores!$L$4+Factores!$N$4*Factores!$L$20+Factores!$P$4*Factores!$L$21)*Variables!$C$18 -> 35592.219 | M81: =K81-L81 -> 17296.57 | N81: =I81-M81 -> 0
B82: Tres piedras | C82: 2.8233333 | D82: Inkawasi UK | E82: =SUMIF(Variables!$B$4:$B$15,Formato!D82,Variables!$C$4:$C$15) -> 2 | F82: 2618 | G82: Costa | H82: 2015 | I82: =(C82-E82)*((Factores!$D$9*Factores!$L$4)+Factores!$N$4*Factores!$L$20+Factores!$P$4*Factores!$L$21)*Factores!$J$4*F82*Variables!$C$18 -> 7219.4146 | K82: =Factores!$J$4*C82*F82*(Factores!$D$9*Factores!$L$4+Factores!$N$4*Factores!$L$20+Factores!$P$4*Factores!$L$21)*Variables!$C$18 -> 24756.454 | L82: =Factores!$J$4*E82*F82*(Factores!$D$9*Factores!$L$4+Factores!$N$4*Factores!$L$20+Factores!$P$4*Factores!$L$21)*Variables!$C$18 -> 17537.04 | M82: =K82-L82 -> 7219.4146 | N82: =I82-M82 -> 0
B83: Tres piedras | C83: 2.8233333 | D83: Inkawasi UK | E83: =SUMIF(Variables!$B$4:$B$15,Formato!D83,Variables!$C$4:$C$15) -> 2 | F83: 526 | G83: Sierra | H83: 2015 | I83: =(C83-E83)*((Factores!$E$9*Factores!$L$4)+Factores!$N$4*Factores!$L$20+Factores!$P$4*Factores!$L$21)*Factores!$J$4*F83*Variables!$C$18 -> 1105.4616 | K83: =Factores!$J$4*C83*F83*(Factores!$E$9*Factores!$L$4+Factores!$N$4*Factores!$L$20+Factores!$P$4*Factores!$L$21)*Variables!$C$18 -> 3790.7934 | L83: =Factores!$J$4*E83*F83*(Factores!$E$9*Factores!$L$4+Factores!$N$4*Factores!$L$20+Factores!$P$4*Factores!$L$21)*Variables!$C$18 -> 2685.3318 | M83: =K83-L83 -> 1105.4616 | N83: =I83-M83 -> 0
B84: Tres piedras | C84: 2.8233333 | D84: Mejorada Selva | E84: =SUMIF(Variables!$B$4:$B$15,Formato!D84,Variables!$C$4:$C$15) -> 1.16 | F84: 14700 | G84: Selva | H84: 2015 | I84: =(C84-E84)*((Factores!$F$9*Factores!$L$4)+Factores!$N$4*Factores!$L$20+Factores!$P$4*Factores!$L$21)*Factores!$J$4*F84*Variables!$C$18 -> 44556.255 | K84: =Factores!$J$4*C84*F84*(Factores!$F$9*Factores!$L$4+Factores!$N$4*Factores!$L$20+Factores!$P$4*Factores!$L$21)*Variables!$C$18 -> 75629.556 | L84: =Factores!$J$4*E84*F84*(Factores!$F$9*Factores!$L$4+Factores!$N$4*Factores!$L$20+Factores!$P$4*Factores!$L$21)*Variables!$C$18 -> 31073.3 | M84: =K84-L84 -> 44556.255 | N84: =I84-M84 -> 0
B85: Total | I85: =SUM(I71:I84) -> 816273.35
B86: Tres piedras | C86: 2.8233333 | D86: Amaray | E86: =SUMIF(Variables!$B$4:$B$15,Formato!D86,Variables!$C$4:$C$15) -> 1.92 | F86: 6 | G86: Sierra | H86: 2016 | I86: =(C86-E86)*((Factores!$E$10*Factores!$L$4)+Factores!$N$4*Factores!$L$20+Factores!$P$4*Factores!$L$21)*Factores!$J$4*F86*Variables!$C$18 -> 13.835075 | K86: =Factores!$J$4*C86*F86*(Factores!$E$10*Factores!$L$4+Factores!$N$4*Factores!$L$20+Factores!$P$4*Factores!$L$21)*Variables!$C$18 -> 43.24099 | L86: =Factores!$J$4*E86*F86*(Factores!$E$10*Factores!$L$4+Factores!$N$4*Factores!$L$20+Factores!$P$4*Factores!$L$21)*Variables!$C$18 -> 29.405915 | M86: =K86-L86 -> 13.835075 | N86: =I86-M86 -> 0
B87: Tres piedras | C87: 2.8233333 | D87: Caralia | E87: =SUMIF(Variables!$B$4:$B$15,Formato!D87,Variables!$C$4:$C$15) -> 1.53 | F87: 369 | G87: Sierra | H87: 2016 | I87: =(C87-E87)*((Factores!$E$10*Factores!$L$4)+Factores!$N$4*Factores!$L$20+Factores!$P$4*Factores!$L$21)*Factores!$J$4*F87*Variables!$C$18 -> 1218.2013 | K87: =Factores!$J$4*C87*F87*(Factores!$E$10*Factores!$L$4+Factores!$N$4*Factores!$L$20+Factores!$P$4*Factores!$L$21)*Variables!$C$18 -> 2659.3209 | L87: =Factores!$J$4*E87*F87*(Factores!$E$10*Factores!$L$4+Factores!$N$4*Factores!$L$20+Factores!$P$4*Factores!$L$21)*Variables!$C$18 -> 1441.1196 | M87: =K87-L87 -> 1218.2013 | N87: =I87-M87 -> 0
B88: Tres piedras | C88: 2.8233333 | D88: Inkawasi 3 Hornillas | E88: =SUMIF(Variables!$B$4:$B$15,Formato!D88,Variables!$C$4:$C$15) -> 1.42 | F88: 20257 | G88: Costa | H88: 2016 | I88: =(C88-E88)*((Factores!$D$10*Factores!$L$4)+Factores!$N$4*Factores!$L$20+Factores!$P$4*Factores!$L$21)*Factores!$J$4*F88*Variables!$C$18 -> 95212.203 | K88: =Factores!$J$4*C88*F88*(Factores!$D$10*Factores!$L$4+Factores!$N$4*Factores!$L$20+Factores!$P$4*Factores!$L$21)*Variables!$C$18 -> 191555.19 | L88: =Factores!$J$4*E88*F88*(Factores!$D$10*Factores!$L$4+Factores!$N$4*Factores!$L$20+Factores!$P$4*Factores!$L$21)*Variables!$C$18 -> 96342.989 | M88: =K88-L88 -> 95212.203 | N88: =I88-M88 -> 0
B89: Tres piedras | C89: 2.8233333 | D89: Inkawasi 3 Hornillas | E89: =SUMIF(Variables!$B$4:$B$15,Formato!D89,Variables!$C$4:$C$15) -> 1.42 | F89: 135624 | G89: Sierra | H89: 2016 | I89: =(C89-E89)*((Factores!$E$10*Factores!$L$4)+Factores!$N$4*Factores!$L$20+Factores!$P$4*Factores!$L$21)*Factores!$J$4*F89*Variables!$C$18 -> 485824.72 | K89: =Factores!$J$4*C89*F89*(Factores!$E$10*Factores!$L$4+Factores!$N$4*Factores!$L$20+Factores!$P$4*Factores!$L$21)*Variables!$C$18 -> 977419.33 | L89: =Factores!$J$4*E89*F89*(Factores!$E$10*Factores!$L$4+Factores!$N$4*Factores!$L$20+Factores!$P$4*Factores!$L$21)*Variables!$C$18 -> 491594.61 | M89: =K89-L89 -> 485824.72 | N89: =I89-M89 -> 0
B90: Tres piedras | C90: 2.8233333 | D90: Inkawasi Pichqa | E90: =SUMIF(Variables!$B$4:$B$15,Formato!D90,Variables!$C$4:$C$15) -> 0.84 | F90: 2802 | G90: Costa | H90: 2016 | I90: =(C90-E90)*((Factores!$D$10*Factores!$L$4)+Factores!$N$4*Factores!$L$20+Factores!$P$4*Factores!$L$21)*Factores!$J$4*F90*Variables!$C$18 -> 18613.176 | K90: =Factores!$J$4*C90*F90*(Factores!$D$10*Factores!$L$4+Factores!$N$4*Factores!$L$20+Factores!$P$4*Factores!$L$21)*Variables!$C$18 -> 26496.404 | L90: =Factores!$J$4*E90*F90*(Factores!$D$10*Factores!$L$4+Factores!$N$4*Factores!$L$20+Factores!$P$4*Factores!$L$21)*Variables!$C$18 -> 7883.2275 | M90: =K90-L90 -> 18613.176 | N90: =I90-M90 -> 0
B91: Tres piedras | C91: 2.8233333 | D91: Inkawasi Pichqa | E91: =SUMIF(Variables!$B$4:$B$15,Formato!D91,Variables!$C$4:$C$15) -> 0.84 | F91: 30883 | G91: Sierra | H91: 2016 | I91: =(C91-E91)*((Factores!$E$10*Factores!$L$4)+Factores!$N$4*Factores!$L$20+Factores!$P$4*Factores!$L$21)*Factores!$J$4*F91*Variables!$C$18 -> 156349.83 | K91: =Factores!$J$4*C91*F91*(Factores!$E$10*Factores!$L$4+Factores!$N$4*Factores!$L$20+Factores!$P$4*Factores!$L$21)*Variables!$C$18 -> 222568.58 | L91: =Factores!$J$4*E91*F91*(Factores!$E$10*Factores!$L$4+Factores!$N$4*Factores!$L$20+Factores!$P$4*Factores!$L$21)*Variables!$C$18 -> 66218.751 | M91: =K91-L91 -> 156349.83 | N91: =I91-M91 -> 0
B92: Tres piedras | C92: 2.8233333 | D92: Inkawasi Pichqa | E92: =SUMIF(Variables!$B$4:$B$15,Formato!D92,Variables!$C$4:$C$15) -> 0.84 | F92: 10521 | G92: Selva | H92: 2016 | I92: =(C92-E92)*((Factores!$F$10*Factores!$L$4)+Factores!$N$4*Factores!$L$20+Factores!$P$4*Factores!$L$21)*Factores!$J$4*F92*Variables!$C$18 -> 38024.612 | K92: =Factores!$J$4*C92*F92*(Factores!$F$10*Factores!$L$4+Factores!$N$4*Factores!$L$20+Factores!$P$4*Factores!$L$21)*Variables!$C$18 -> 54129.153 | L92: =Factores!$J$4*E92*F92*(Factores!$F$10*Factores!$L$4+Factores!$N$4*Factores!$L$20+Factores!$P$4*Factores!$L$21)*Variables!$C$18 -> 16104.541 | M92: =K92-L92 -> 38024.612 | N92: =I92-M92 -> 0
B93: Tres piedras | C93: 2.8233333 | D93: Inkawasi Sojta | E93: =SUMIF(Variables!$B$4:$B$15,Formato!D93,Variables!$C$4:$C$15) -> 1.8 | F93: 11205 | G93: Costa | H93: 2016 | I93: =(C93-E93)*((Factores!$D$10*Factores!$L$4)+Factores!$N$4*Factores!$L$20+Factores!$P$4*Factores!$L$21)*Factores!$J$4*F93*Variables!$C$18 -> 38404.81 | K93: =Factores!$J$4*C93*F93*(Factores!$D$10*Factores!$L$4+Factores!$N$4*Factores!$L$20+Factores!$P$4*Factores!$L$21)*Variables!$C$18 -> 105957.25 | L93: =Factores!$J$4*E93*F93*(Factores!$D$10*Factores!$L$4+Factores!$N$4*Factores!$L$20+Factores!$P$4*Factores!$L$21)*Variables!$C$18 -> 67552.435 | M93: =K93-L93 -> 38404.81 | N93: =I93-M93 -> 0
B94: Tres piedras | C94: 2.8233333 | D94: Inkawasi Sojta | E94: =SUMIF(Variables!$B$4:$B$15,Formato!D94,Variables!$C$4:$C$15) -> 1.8 | F94: 1274 | G94: Sierra | H94: 2016 | I94: =(C94-E94)*((Factores!$E$10*Factores!$L$4)+Factores!$N$4*Factores!$L$20+Factores!$P$4*Factores!$L$21)*Factores!$J$4*F94*Variables!$C$18 -> 3327.8885 | K94: =Factores!$J$4*C94*F94*(Factores!$E$10*Factores!$L$4+Factores!$N$4*Factores!$L$20+Factores!$P$4*Factores!$L$21)*Variables!$C$18 -> 9181.5035 | L94: =Factores!$J$4*E94*F94*(Factores!$E$10*Factores!$L$4+Factores!$N$4*Factores!$L$20+Factores!$P$4*Factores!$L$21)*Variables!$C$18 -> 5853.615 | M94: =K94-L94 -> 3327.8885 | N94: =I94-M94 -> 0
B95: Tres piedras | C95: 2.8233333 | D95: Inkawasi Tawa | E95: =SUMIF(Variables!$B$4:$B$15,Formato!D95,Variables!$C$4:$C$15) -> 1.53 | F95: 703 | G95: Costa | H95: 2016 | I95: =(C95-E95)*((Factores!$D$10*Factores!$L$4)+Factores!$N$4*Factores!$L$20+Factores!$P$4*Factores!$L$21)*Factores!$J$4*F95*Variables!$C$18 -> 3045.2464 | K95: =Factores!$J$4*C95*F95*(Factores!$D$10*Factores!$L$4+Factores!$N$4*Factores!$L$20+Factores!$P$4*Factores!$L$21)*Variables!$C$18 -> 6647.7415 | L95: =Factores!$J$4*E95*F95*(Factores!$D$10*Factores!$L$4+Factores!$N$4*Factores!$L$20+Factores!$P$4*Factores!$L$21)*Variables!$C$18 -> 3602.4951 | M95: =K95-L95 -> 3045.2464 | N95: =I95-M95 -> 0
B96: Tres piedras | C96: 2.8233333 | D96: Inkawasi Tawa | E96: =SUMIF(Variables!$B$4:$B$15,Formato!D96,Variables!$C$4:$C$15) -> 1.53 | F96: 75624 | G96: Sierra | H96: 2016 | I96: =(C96-E96)*((Factores!$E$10*Factores!$L$4)+Factores!$N$4*Factores!$L$20+Factores!$P$4*Factores!$L$21)*Factores!$J$4*F96*Variables!$C$18 -> 249661.94 | K96: =Factores!$J$4*C96*F96*(Factores!$E$10*Factores!$L$4+Factores!$N$4*Factores!$L$20+Factores!$P$4*Factores!$L$21)*Variables!$C$18 -> 545009.44 | L96: =Factores!$J$4*E96*F96*(Factores!$E$10*Factores!$L$4+Factores!$N$4*Factores!$L$20+Factores!$P$4*Factores!$L$21)*Variables!$C$18 -> 295347.5 | M96: =K96-L96 -> 249661.94 | N96: =I96-M96 -> 0
B97: Tres piedras | C97: 2.8233333 | D97: Inkawasi Plancha | E97: =SUMIF(Variables!$B$4:$B$15,Formato!D97,Variables!$C$4:$C$15) -> 1.9 | F97: 5593 | G97: Costa | H97: 2016 | I97: =(C97-E97)*((Factores!$D$10*Factores!$L$4)+Factores!$N$4*Factores!$L$20+Factores!$P$4*Factores!$L$21)*Factores!$J$4*F97*Variables!$C$18 -> 17296.57 | K97: =Factores!$J$4*C97*F97*(Factores!$D$10*Factores!$L$4+Factores!$N$4*Factores!$L$20+Factores!$P$4*Factores!$L$21)*Variables!$C$18 -> 52888.788 | L97: =Factores!$J$4*E97*F97*(Factores!$D$10*Factores!$L$4+Factores!$N$4*Factores!$L$20+Factores!$P$4*Factores!$L$21)*Variables!$C$18 -> 35592.219 | M97: =K97-L97 -> 17296.57 | N97: =I97-M97 -> 0
B98: Tres piedras | C98: 2.8233333 | D98: Inkawasi UK | E98: =SUMIF(Variables!$B$4:$B$15,Formato!D98,Variables!$C$4:$C$15) -> 2 | F98: 2697 | G98: Costa | H98: 2016 | I98: =(C98-E98)*((Factores!$D$10*Factores!$L$4)+Factores!$N$4*Factores!$L$20+Factores!$P$4*Factores!$L$21)*Factores!$J$4*F98*Variables!$C$18 -> 7437.2655 | K98: =Factores!$J$4*C98*F98*(Factores!$D$10*Factores!$L$4+Factores!$N$4*Factores!$L$20+Factores!$P$4*Factores!$L$21)*Variables!$C$18 -> 25503.498 | L98: =Factores!$J$4*E98*F98*(Factores!$D$10*Factores!$L$4+Factores!$N$4*Factores!$L$20+Factores!$P$4*Factores!$L$21)*Variables!$C$18 -> 18066.232 | M98: =K98-L98 -> 7437.2655 | N98: =I98-M98 -> 0
B99: Tres piedras | C99: 2.8233333 | D99: Inkawasi UK | E99: =SUMIF(Variables!$B$4:$B$15,Formato!D99,Variables!$C$4:$C$15) -> 2 | F99: 526 | G99: Sierra | H99: 2016 | I99: =(C99-E99)*((Factores!$E$10*Factores!$L$4)+Factores!$N$4*Factores!$L$20+Factores!$P$4*Factores!$L$21)*Factores!$J$4*F99*Variables!$C$18 -> 1105.4616 | K99: =Factores!$J$4*C99*F99*(Factores!$E$10*Factores!$L$4+Factores!$N$4*Factores!$L$20+Factores!$P$4*Factores!$L$21)*Variables!$C$18 -> 3790.7934 | L99: =Factores!$J$4*E99*F99*(Factores!$E$10*Factores!$L$4+Factores!$N$4*Factores!$L$20+Factores!$P$4*Factores!$L$21)*Variables!$C$18 -> 2685.3318 | M99: =K99-L99 -> 1105.4616 | N99: =I99-M99 -> 0
B100: Tres piedras | C100: 2.8233333 | D100: Mejorada Selva | E100: =SUMIF(Variables!$B$4:$B$15,Formato!D100,Variables!$C$4:$C$15) -> 1.16 | F100: 86 | G100: Sierra | H100: 2016 | I100: =(C100-E100)*((Factores!$E$10*Factores!$L$4)+Factores!$N$4*Factores!$L$20+Factores!$P$4*Factores!$L$21)*Factores!$J$4*F100*Variables!$C$18 -> 365.14046 | K100: =Factores!$J$4*C100*F100*(Factores!$E$10*Factores!$L$4+Factores!$N$4*Factores!$L$20+Factores!$P$4*Factores!$L$21)*Variables!$C$18 -> 619.78752 | L100: =Factores!$J$4*E100*F100*(Factores!$E$10*Factores!$L$4+Factores!$N$4*Factores!$L$20+Factores!$P$4*Factores!$L$21)*Variables!$C$18 -> 254.64706 | M100: =K100-L100 -> 365.14046 | N100: =I100-M100 -> 0
B101: Tres piedras | C101: 2.8233333 | D101: Mejorada Selva | E101: =SUMIF(Variables!$B$4:$B$15,Formato!D101,Variables!$C$4:$C$15) -> 1.16 | F101: 25193 | G101: Selva | H101: 2016 | I101: =(C101-E101)*((Factores!$F$10*Factores!$L$4)+Factores!$N$4*Factores!$L$20+Factores!$P$4*Factores!$L$21)*Factores!$J$4*F101*Variables!$C$18 -> 76360.935 | K101: =Factores!$J$4*C101*F101*(Factores!$F$10*Factores!$L$4+Factores!$N$4*Factores!$L$20+Factores!$P$4*Factores!$L$21)*Variables!$C$18 -> 129614.65 | L101: =Factores!$J$4*E101*F101*(Factores!$F$10*Factores!$L$4+Factores!$N$4*Factores!$L$20+Factores!$P$4*Factores!$L$21)*Variables!$C$18 -> 53253.718 | M101: =K101-L101 -> 76360.935 | N101: =I101-M101 -> 0
...

Sheet Variables
B2: Tipo | C2: Consumo (t leña/SA.año) | E2: Programa
B3: Tres piedras | C3: =[1]Consumos!$D$54 -> 2.8233333 | E3: NINA
B4: Inkawasi Tawa | C4: =[1]Consumos!$C$55 -> 1.53 | E4: Cocina Perú
B5: Inkawasi Pichqa | C5: =[1]Consumos!$C$58 -> 0.84 | E5: Mi Chacra emprendedora
B6: Inkawasi 3 Hornillas | C6: =[1]Consumos!$C$56 -> 1.42 | E6: HakuWiñay/Noa Jayatay
B7: Inkawasi Sojta | C7: 1.8 | E7: 50.000 Cocinas Mejoradas
B8: Inkawasi Plancha | C8: 1.9 | E8: Casita caliente
B9: Inkawasi UK | C9: 2 | E9: FISE
B10: Mejorada Selva | C10: =[1]Consumos!$C$59 -> 1.16 | E10: FAS
B11: Caralia | C11: =[1]Consumos!$C$55 -> 1.53 | E11: Otro
B12: Haku Wiñay (VA) | C12: =[1]Consumos!$C$57 -> 2.06
B13: Alto Andina | C13: 1.85
B14: Amaray | C14: 1.92
B15: Econofire | C15: 1.7
B18: Miembros familia | C18: 3.8

Sheet Factores
B2: Fracción de Biomasa no Renovable (fNRB) | I2: Combustible | J2: Poder calorífico | L2: Factor de emisión | T2: Industrias de la manufactura y construcción: 1A4b (Residencial)
B3: Año | C3: Conservador | D3: Costa | E3: Sierra | F3: Selva | G3: Fuente | J3: IPCC | K3: Unidad | L3: IPCC | M3: Unidad | N3: IPCC | O3: Unidad | P3: IPCC | Q3: Unidad | T3: Gas/contaminante | U3: CO (g/GJ) | V3: NOx (g/GJ) | W3: COVDM (g/GJ) | X3: SOX (g/GJ) | Y3: PM10 (g/GJ) | Z3: PM2.5 (g/GJ) | AA3: BC (g/GJ) | AB3: BC (%PM2.5) | AC3: EMEP/EEA air pollutant emission inventory guidebook 2016 1 - NFR 1.A.4.a.i, 1.A.4.b.i, 1.A.4.c.i, 1.A.5.a Small combustion
B4: 2010 | C4: 0.3 | D4: 0.4 | E4: 0.32 | F4: 0.28 | G4: Methodological tool: Calculation of the fraction of non-renewable biomass (Version 02.0) | I4: Biomasa (Madera) | J4: =15600/1000000 -> 0.0156 | K4: TJ/t | L4: =112000/1000 -> 112 | M4: tCO2/TJ | N4: =300/1000 -> 0.3 | O4: tCH4/TJ | P4: =4/1000 -> 0.004 | Q4: tN2O/TJ | T4: Biomass - Solid biomass | U4: 4000 | V4: 50 | W4: 600 | X4: 11 | Y4: 760 | Z4: 740 | AA4: =AB4/100*Z4 -> 74 | AB4: 10 | AC4: Table 3.6 Tier 1 emission factors for NFR source category 1.A.4.b, using biomass
B5: 2011 | C5: 0.3 | D5: 0.41 | E5: 0.3 | F5: 0.19 | G5: Methodological tool: Calculation of the fraction of non-renewable biomass (Version 02.0) | I5: GLP | J5: =0.0473*1000000/1000000 -> 0.0473 | K5: TJ/t | L5: =63100/1000 -> 63.1 | M5: tCO2/TJ | N5: =1/1000 -> 0.001 | O5: tCH4/TJ | P5: =0.1/1000 -> 0.0001 | Q5: tN2O/TJ | T5: Gas Licuado de Petróleo | U5: =U6 -> 26 | V5: =V6 -> 51 | W5: =W6 -> 1.9 | X5: =X6 -> 0.3 | Y5: =Y6 -> 1.2 | Z5: =Z6 -> 1.2 | AA5: =AA6 -> 0.0648 | AB5: =AB6 -> 5.4 | AC5: Table 3.4 Tier 1 emission factors for NFR source category 1.A.4.b, using gaseous fuels
B6: 2012 | C6: 0.3 | D6: 0.42 | E6: 0.3 | F6: 0.19 | G6: Methodological tool: Calculation of the fraction of non-renewable biomass (Version 02.0) | I6: Fuente: Directrices IPCC 2006 | T6: Gas natural - Gaseous fuels | U6: 26 | V6: 51 | W6: 1.9 | X6: 0.3 | Y6: 1.2 | Z6: 1.2 | AA6: =AB6/100*Z6 -> 0.0648 | AB6: 5.4 | AC6: Table 3.4 Tier 1 emission factors for NFR source category 1.A.4.b, using gaseous fuels
B7: 2013 | C7: 0.3 | D7: 0.42 | E7: 0.3 | F7: 0.19 | G7: Methodological tool: Calculation of the fraction of non-renewable biomass (Version 02.0) | T7: Diesel - Gas oil | U7: 57 | V7: 51 | W7: 0.69 | X7: 70 | Y7: 1.9 | Z7: 1.9 | AA7: =AB7/100*Z7 -> 0.1615 | AB7: 8.5 | AC7: Table 3.5 Tier 1 emission factors for NFR source category 1.A.4.b, using liquid fuels
B8: 2014 | C8: 0.3 | D8: 0.42 | E8: 0.3 | F8: 0.19 | G8: Methodological tool: Calculation of the fraction of non-renewable biomass (Version 02.0) | I8: Combustible | J8: Poder calorífico | T8: Carbón | U8: 4600 | V8: 110 | W8: 484 | X8: 900 | Y8: 404 | Z8: 398 | AA8: =AB8/100*Z8 -> 25.472 | AB8: 6.4 | AC8: Table 3.3 Tier 1 emission factors for NFR source category 1.A.4.b, using hard coal and brown coal
B9: 2015 | C9: 0.3 | D9: 0.42 | E9: 0.3 | F9: 0.19 | G9: Methodological tool: Calculation of the fraction of non-renewable biomass (Version 02.0) | J9: Estudio | K9: Unidad
B10: 2016 | C10: 0.3 | D10: 0.42 | E10: 0.3 | F10: 0.19 | G10: Methodological tool: Calculation of the fraction of non-renewable biomass (Version 02.0) | I10: Biomasa (Madera) | J10: ='[1]Energía y contenido de carbono'!$M$5/1000000000 -> 1.7412167e-05 | K10: TJ/kg | N10: =17275/1000000000 -> 1.7275e-05
B11: 2017 | C11: 0.3 | D11: 0.42 | E11: 0.3 | F11: 0.19 | G11: Methodological tool: Calculation of the fraction of non-renewable biomass (Version 02.0) | I11: Fuente: Directrices IPCC 2006 | N11: https://es.slideshare.net/slides_eoi/alfredo-lopez-mendiburu-acciona
B12: 2018 | C12: 0.3 | D12: 0.42 | E12: 0.3 | F12: 0.19 | G12: Methodological tool: Calculation of the fraction of non-renewable biomass (Version 02.0)
B13: 2019 | C13: 0.3 | D13: 0.42 | E13: 0.3 | F13: 0.19 | G13: Methodological tool: Calculation of the fraction of non-renewable biomass (Version 02.0) | I13: Ratio (tradicional/GLP)
B14: 2020 | C14: 0.3 | D14: 0.42 | E14: 0.3 | F14: 0.19 | G14: Methodological tool: Calculation of the fraction of non-renewable biomass (Version 02.0) | I14: ='[2]Calculos propios'!$T$6 -> 7.3806725 | J14: kg/kg
B15: 2021 | C15: 0.3 | D15: 0.42 | E15: 0.3 | F15: 0.19 | G15: Methodological tool: Calculation of the fraction of non-renewable biomass (Version 02.0) | I15: Fuente: Calculos propios
B16: 2022 | C16: 0.3 | D16: 0.42 | E16: 0.3 | F16: 0.19 | G16: Methodological tool: Calculation of the fraction of non-renewable biomass (Version 02.0)
B17: 2023 | C17: 0.3 | D17: 0.42 | E17: 0.3 | F17: 0.19 | G17: Methodological tool: Calculation of the fraction of non-renewable biomass (Version 02.0) | I17: Potencial de Calentamiento Global
B18: 2024 | C18: 0.3 | D18: 0.42 | E18: 0.3 | F18: 0.19 | G18: Methodological tool: Calculation of the fraction of non-renewable biomass (Version 02.0) | I18: GEI | J18: AR2 | K18: AR4 | L18: AR5
B19: 2025 | C19: 0.3 | D19: 0.42 | E19: 0.3 | F19: 0.19 | G19: Methodological tool: Calculation of the fraction of non-renewable biomass (Version 02.0) | I19: CO2 | J19: 1 | K19: 1 | L19: 1
B20: 2026 | C20: 0.3 | D20: 0.42 | E20: 0.3 | F20: 0.19 | G20: Methodological tool: Calculation of the fraction of non-renewable biomass (Version 02.0) | I20: CH4 | J20: 21 | K20: 25 | L20: 28
B21: 2027 | C21: 0.3 | D21: 0.42 | E21: 0.3 | F21: 0.19 | G21: Methodological tool: Calculation of the fraction of non-renewable biomass (Version 02.0) | I21: N2O | J21: 310 | K21: 298 | L21: 265
B22: 2028 | C22: 0.3 | D22: 0.42 | E22: 0.3 | F22: 0.19 | G22: Methodological tool: Calculation of the fraction of non-renewable biomass (Version 02.0) | I22: Fuente: Global Warming Potential Values - GHG Protocol
B23: 2029 | C23: 0.3 | D23: 0.42 | E23: 0.3 | F23: 0.19 | G23: Methodological tool: Calculation of the fraction of non-renewable biomass (Version 02.0) | I23: https://www.ghgprotocol.org/sites/default/files/ghgp/Global-Warming-Potential-Values%20%28Feb%2016%202016%29_1.pdf
B24: 2030 | C24: 0.3 | D24: 0.42 | E24: 0.3 | F24: 0.19 | G24: Methodological tool: Calculation of the fraction of non-renewable biomass (Version 02.0)
